[0m13:33:42.196635 [debug] [MainThread]: Sending event: {'category': 'dbt', 'action': 'invocation', 'label': 'start', 'context': [<snowplow_tracker.self_describing_json.SelfDescribingJson object at 0x0000016D7E8AABA0>, <snowplow_tracker.self_describing_json.SelfDescribingJson object at 0x0000016D7C1FCA50>, <snowplow_tracker.self_describing_json.SelfDescribingJson object at 0x0000016D012DF890>]}


============================== 13:33:42.206247 | 0e085122-5741-4971-a178-2a9d6e206c35 ==============================
[0m13:33:42.206247 [info ] [MainThread]: Running with dbt=1.12.0
[0m13:33:42.207015 [debug] [MainThread]: running dbt with arguments {'static_parser': 'True', 'no_print': 'None', 'version_check': 'True', 'target_path': 'None', 'maximum_seed_size_mib': '1', 'warn_error_options': 'WarnErrorOptionsV2(error=[], warn=[], silence=[])', 'printer_width': '80', 'write_json': 'True', 'empty': 'False', 'log_cache_events': 'False', 'introspect': 'True', 'cache_selected_only': 'False', 'log_format': 'default', 'debug': 'False', 'fail_fast': 'False', 'partial_parse': 'True', 'send_anonymous_usage_stats': 'True', 'quiet': 'False', 'warn_error': 'None', 'profiles_dir': 'C:\\Users\\X280\\.dbt', 'indirect_selection': 'eager', 'hints_enabled': 'True', 'invocation_command': 'dbt run --select dbt_gold', 'use_experimental_parser': 'False', 'use_colors': 'True', 'log_path': 'logs'}
[0m13:33:42.208068 [error] [MainThread]: [[31mERROR[0m]: Encountered an error:
Runtime Error
  No dbt_project.yml found at expected path C:\Users\X280\dbt_project\dbt_project.yml
  Verify that each entry within packages.yml (and their transitive dependencies) contains a file named dbt_project.yml
  
[0m13:33:42.209056 [debug] [MainThread]: Command `dbt run` failed at 13:33:42.208909 after 0.21 seconds
[0m13:33:42.209463 [debug] [MainThread]: Sending event: {'category': 'dbt', 'action': 'invocation', 'label': 'end', 'context': [<snowplow_tracker.self_describing_json.SelfDescribingJson object at 0x0000016D013A0050>, <snowplow_tracker.self_describing_json.SelfDescribingJson object at 0x0000016D013645F0>, <snowplow_tracker.self_describing_json.SelfDescribingJson object at 0x0000016D01307130>]}
[0m13:33:42.209883 [debug] [MainThread]: Flushing usage events
[0m13:33:43.823491 [debug] [MainThread]: An error was encountered while trying to flush usage events
[0m13:37:34.043075 [debug] [MainThread]: Sending event: {'category': 'dbt', 'action': 'invocation', 'label': 'start', 'context': [<snowplow_tracker.self_describing_json.SelfDescribingJson object at 0x0000021AA749ABA0>, <snowplow_tracker.self_describing_json.SelfDescribingJson object at 0x0000021AA4DECA50>, <snowplow_tracker.self_describing_json.SelfDescribingJson object at 0x0000021AA9DEF890>]}


============================== 13:37:34.048201 | 2495a7a0-b1a8-4a2c-99d3-0befdfc7dbb7 ==============================
[0m13:37:34.048201 [info ] [MainThread]: Running with dbt=1.12.0
[0m13:37:34.049325 [debug] [MainThread]: running dbt with arguments {'static_parser': 'True', 'no_print': 'None', 'maximum_seed_size_mib': '1', 'warn_error_options': 'WarnErrorOptionsV2(error=[], warn=[], silence=[])', 'target_path': 'None', 'version_check': 'True', 'printer_width': '80', 'write_json': 'True', 'introspect': 'True', 'log_cache_events': 'False', 'empty': 'False', 'cache_selected_only': 'False', 'log_format': 'default', 'debug': 'False', 'fail_fast': 'False', 'partial_parse': 'True', 'send_anonymous_usage_stats': 'True', 'quiet': 'False', 'warn_error': 'None', 'profiles_dir': 'C:\\Users\\X280\\.dbt', 'invocation_command': 'dbt run --select dbt_gold', 'hints_enabled': 'True', 'indirect_selection': 'eager', 'use_experimental_parser': 'False', 'use_colors': 'True', 'log_path': 'logs'}
[0m13:37:34.050416 [error] [MainThread]: [[31mERROR[0m]: Encountered an error:
Runtime Error
  No dbt_project.yml found at expected path C:\Users\X280\dbt_project\dbt_project.yml
  Verify that each entry within packages.yml (and their transitive dependencies) contains a file named dbt_project.yml
  
[0m13:37:34.051983 [debug] [MainThread]: Command `dbt run` failed at 13:37:34.051768 after 0.17 seconds
[0m13:37:34.052804 [debug] [MainThread]: Sending event: {'category': 'dbt', 'action': 'invocation', 'label': 'end', 'context': [<snowplow_tracker.self_describing_json.SelfDescribingJson object at 0x0000021AA9EB8050>, <snowplow_tracker.self_describing_json.SelfDescribingJson object at 0x0000021AA9E785F0>, <snowplow_tracker.self_describing_json.SelfDescribingJson object at 0x0000021AA9E17130>]}
[0m13:37:34.053620 [debug] [MainThread]: Flushing usage events
[0m13:37:35.540421 [debug] [MainThread]: An error was encountered while trying to flush usage events
[0m13:41:22.874429 [debug] [MainThread]: Sending event: {'category': 'dbt', 'action': 'invocation', 'label': 'start', 'context': [<snowplow_tracker.self_describing_json.SelfDescribingJson object at 0x000002000ADBABA0>, <snowplow_tracker.self_describing_json.SelfDescribingJson object at 0x00000200086F8A50>, <snowplow_tracker.self_describing_json.SelfDescribingJson object at 0x000002000D713890>]}


============================== 13:41:22.879376 | 751b95c0-9d97-4d10-bc22-abed077a68d3 ==============================
[0m13:41:22.879376 [info ] [MainThread]: Running with dbt=1.12.0
[0m13:41:22.880101 [debug] [MainThread]: running dbt with arguments {'static_parser': 'True', 'no_print': 'None', 'version_check': 'True', 'warn_error_options': 'WarnErrorOptionsV2(error=[], warn=[], silence=[])', 'target_path': 'None', 'maximum_seed_size_mib': '1', 'printer_width': '80', 'write_json': 'True', 'introspect': 'True', 'log_cache_events': 'False', 'empty': 'False', 'cache_selected_only': 'False', 'fail_fast': 'False', 'debug': 'False', 'log_format': 'default', 'partial_parse': 'True', 'send_anonymous_usage_stats': 'True', 'quiet': 'False', 'warn_error': 'None', 'profiles_dir': 'C:\\Users\\X280\\.dbt', 'indirect_selection': 'eager', 'hints_enabled': 'True', 'invocation_command': 'dbt run --select dbt_gold', 'use_experimental_parser': 'False', 'use_colors': 'True', 'log_path': 'C:\\Users\\X280\\dbt_project\\logs'}
[0m13:41:22.888722 [error] [MainThread]: [[31mERROR[0m]: Encountered an error:
Runtime Error
  Could not find profile named 'dbt_project'
[0m13:41:22.889829 [debug] [MainThread]: Command `dbt run` failed at 13:41:22.889622 after 0.18 seconds
[0m13:41:22.890392 [debug] [MainThread]: Sending event: {'category': 'dbt', 'action': 'invocation', 'label': 'end', 'context': [<snowplow_tracker.self_describing_json.SelfDescribingJson object at 0x000002000D7CC3E0>, <snowplow_tracker.self_describing_json.SelfDescribingJson object at 0x000002000D7985F0>, <snowplow_tracker.self_describing_json.SelfDescribingJson object at 0x000002000D737350>]}
[0m13:41:22.891018 [debug] [MainThread]: Flushing usage events
[0m13:41:24.227273 [debug] [MainThread]: An error was encountered while trying to flush usage events
[0m13:45:35.554128 [debug] [MainThread]: Sending event: {'category': 'dbt', 'action': 'invocation', 'label': 'start', 'context': [<snowplow_tracker.self_describing_json.SelfDescribingJson object at 0x00000252FC41ABA0>, <snowplow_tracker.self_describing_json.SelfDescribingJson object at 0x00000252F9D6CA50>, <snowplow_tracker.self_describing_json.SelfDescribingJson object at 0x00000252FED73890>]}


============================== 13:45:35.558964 | 0847728b-ff8b-4b2e-8815-b52b915b6b4e ==============================
[0m13:45:35.558964 [info ] [MainThread]: Running with dbt=1.12.0
[0m13:45:35.559703 [debug] [MainThread]: running dbt with arguments {'static_parser': 'True', 'no_print': 'None', 'version_check': 'True', 'warn_error_options': 'WarnErrorOptionsV2(error=[], warn=[], silence=[])', 'target_path': 'None', 'maximum_seed_size_mib': '1', 'printer_width': '80', 'write_json': 'True', 'introspect': 'True', 'log_cache_events': 'False', 'empty': 'False', 'cache_selected_only': 'False', 'fail_fast': 'False', 'debug': 'False', 'log_format': 'default', 'profiles_dir': 'C:\\Users\\X280\\.dbt', 'send_anonymous_usage_stats': 'True', 'quiet': 'False', 'warn_error': 'None', 'partial_parse': 'True', 'invocation_command': 'dbt run --select dbt_gold', 'hints_enabled': 'True', 'use_colors': 'True', 'use_experimental_parser': 'False', 'indirect_selection': 'eager', 'log_path': 'C:\\Users\\X280\\dbt_project\\logs'}
[0m13:45:35.562725 [error] [MainThread]: [[31mERROR[0m]: Encountered an error:
Runtime Error
  Could not find profile named 'dbt_project'
[0m13:45:35.563741 [debug] [MainThread]: Command `dbt run` failed at 13:45:35.563597 after 0.20 seconds
[0m13:45:35.564160 [debug] [MainThread]: Sending event: {'category': 'dbt', 'action': 'invocation', 'label': 'end', 'context': [<snowplow_tracker.self_describing_json.SelfDescribingJson object at 0x00000252FEE303E0>, <snowplow_tracker.self_describing_json.SelfDescribingJson object at 0x00000252FEDF85F0>, <snowplow_tracker.self_describing_json.SelfDescribingJson object at 0x00000252FED97350>]}
[0m13:45:35.564601 [debug] [MainThread]: Flushing usage events
[0m13:45:36.937770 [debug] [MainThread]: An error was encountered while trying to flush usage events
[0m13:48:15.727907 [debug] [MainThread]: Sending event: {'category': 'dbt', 'action': 'invocation', 'label': 'start', 'context': [<snowplow_tracker.self_describing_json.SelfDescribingJson object at 0x000001F2245DABA0>, <snowplow_tracker.self_describing_json.SelfDescribingJson object at 0x000001F221F2CA50>, <snowplow_tracker.self_describing_json.SelfDescribingJson object at 0x000001F226F2F890>]}


============================== 13:48:15.732695 | 184f094e-5ad4-4473-b249-08559d4fdf3f ==============================
[0m13:48:15.732695 [info ] [MainThread]: Running with dbt=1.12.0
[0m13:48:15.733432 [debug] [MainThread]: running dbt with arguments {'static_parser': 'True', 'no_print': 'None', 'version_check': 'True', 'target_path': 'None', 'maximum_seed_size_mib': '1', 'warn_error_options': 'WarnErrorOptionsV2(error=[], warn=[], silence=[])', 'printer_width': '80', 'write_json': 'True', 'empty': 'False', 'log_cache_events': 'False', 'introspect': 'True', 'cache_selected_only': 'False', 'fail_fast': 'False', 'debug': 'False', 'log_format': 'default', 'partial_parse': 'True', 'send_anonymous_usage_stats': 'True', 'quiet': 'False', 'warn_error': 'None', 'profiles_dir': 'C:\\Users\\X280\\.dbt', 'use_colors': 'True', 'hints_enabled': 'True', 'indirect_selection': 'eager', 'use_experimental_parser': 'False', 'invocation_command': 'dbt run --select dbt_gold', 'log_path': 'C:\\Users\\X280\\dbt_project\\logs'}
[0m13:48:15.736370 [error] [MainThread]: [[31mERROR[0m]: Encountered an error:
Runtime Error
  Could not find profile named 'dbt_project'
[0m13:48:15.737349 [debug] [MainThread]: Command `dbt run` failed at 13:48:15.737208 after 0.17 seconds
[0m13:48:15.737744 [debug] [MainThread]: Sending event: {'category': 'dbt', 'action': 'invocation', 'label': 'end', 'context': [<snowplow_tracker.self_describing_json.SelfDescribingJson object at 0x000001F226FF03E0>, <snowplow_tracker.self_describing_json.SelfDescribingJson object at 0x000001F226FB85F0>, <snowplow_tracker.self_describing_json.SelfDescribingJson object at 0x000001F226F57350>]}
[0m13:48:15.738164 [debug] [MainThread]: Flushing usage events
[0m13:48:17.177382 [debug] [MainThread]: An error was encountered while trying to flush usage events
[0m13:51:25.051100 [debug] [MainThread]: Sending event: {'category': 'dbt', 'action': 'invocation', 'label': 'start', 'context': [<snowplow_tracker.self_describing_json.SelfDescribingJson object at 0x000002941B55ABA0>, <snowplow_tracker.self_describing_json.SelfDescribingJson object at 0x0000029418EDCA50>, <snowplow_tracker.self_describing_json.SelfDescribingJson object at 0x000002941DEAF890>]}


============================== 13:51:25.056127 | e4ca5474-91bf-4536-960f-fe37067629e9 ==============================
[0m13:51:25.056127 [info ] [MainThread]: Running with dbt=1.12.0
[0m13:51:25.056878 [debug] [MainThread]: running dbt with arguments {'version_check': 'True', 'no_print': 'None', 'static_parser': 'True', 'target_path': 'None', 'maximum_seed_size_mib': '1', 'warn_error_options': 'WarnErrorOptionsV2(error=[], warn=[], silence=[])', 'printer_width': '80', 'write_json': 'True', 'empty': 'False', 'log_cache_events': 'False', 'introspect': 'True', 'cache_selected_only': 'False', 'log_format': 'default', 'debug': 'False', 'fail_fast': 'False', 'partial_parse': 'True', 'send_anonymous_usage_stats': 'True', 'quiet': 'False', 'warn_error': 'None', 'profiles_dir': 'C:\\Users\\X280\\.dbt', 'invocation_command': 'dbt run --select dbt_gold', 'hints_enabled': 'True', 'use_colors': 'True', 'use_experimental_parser': 'False', 'indirect_selection': 'eager', 'log_path': 'C:\\Users\\X280\\dbt_project\\logs'}
[0m13:51:25.060032 [error] [MainThread]: [[31mERROR[0m]: Encountered an error:
Runtime Error
  Could not find profile named 'dbt_project'
[0m13:51:25.061027 [debug] [MainThread]: Command `dbt run` failed at 13:51:25.060864 after 0.18 seconds
[0m13:51:25.061468 [debug] [MainThread]: Sending event: {'category': 'dbt', 'action': 'invocation', 'label': 'end', 'context': [<snowplow_tracker.self_describing_json.SelfDescribingJson object at 0x000002941DF703E0>, <snowplow_tracker.self_describing_json.SelfDescribingJson object at 0x000002941DF385F0>, <snowplow_tracker.self_describing_json.SelfDescribingJson object at 0x000002941DED7350>]}
[0m13:51:25.061937 [debug] [MainThread]: Flushing usage events
[0m13:51:26.653381 [debug] [MainThread]: An error was encountered while trying to flush usage events
[0m14:44:21.454911 [debug] [MainThread]: Sending event: {'category': 'dbt', 'action': 'invocation', 'label': 'start', 'context': [<snowplow_tracker.self_describing_json.SelfDescribingJson object at 0x00000273AFFCABA0>, <snowplow_tracker.self_describing_json.SelfDescribingJson object at 0x00000273AD91CA50>, <snowplow_tracker.self_describing_json.SelfDescribingJson object at 0x00000273B28CB890>]}


============================== 14:44:21.468054 | 9e31670a-c55f-45fe-be65-bb166aca68ea ==============================
[0m14:44:21.468054 [info ] [MainThread]: Running with dbt=1.12.0
[0m14:44:21.468979 [debug] [MainThread]: running dbt with arguments {'version_check': 'True', 'no_print': 'None', 'maximum_seed_size_mib': '1', 'warn_error_options': 'WarnErrorOptionsV2(error=[], warn=[], silence=[])', 'static_parser': 'True', 'target_path': 'None', 'printer_width': '80', 'write_json': 'True', 'empty': 'None', 'log_cache_events': 'False', 'introspect': 'True', 'cache_selected_only': 'False', 'log_format': 'default', 'debug': 'False', 'fail_fast': 'False', 'partial_parse': 'True', 'send_anonymous_usage_stats': 'True', 'quiet': 'False', 'warn_error': 'None', 'profiles_dir': 'C:\\Users\\X280\\.dbt', 'use_colors': 'True', 'hints_enabled': 'True', 'indirect_selection': 'eager', 'use_experimental_parser': 'False', 'invocation_command': 'dbt debug', 'log_path': 'C:\\Users\\X280\\dbt_project\\logs'}
[0m14:44:21.551162 [info ] [MainThread]: dbt version: 1.12.0
[0m14:44:21.551826 [info ] [MainThread]: python version: 3.14.0
[0m14:44:21.552436 [info ] [MainThread]: python path: C:\Users\X280\dbt_project\.venv\Scripts\python.exe
[0m14:44:21.552974 [info ] [MainThread]: os info: Windows-11-10.0.26200-SP0
[0m14:44:21.560561 [info ] [MainThread]: Using profiles dir at C:\Users\X280\.dbt
[0m14:44:21.561726 [info ] [MainThread]: Using profiles.yml file at C:\Users\X280\.dbt\profiles.yml
[0m14:44:21.562796 [info ] [MainThread]: Using dbt_project.yml file at C:\Users\X280\dbt_project\dbt_project.yml
[0m14:44:21.748312 [info ] [MainThread]: Configuration:
[0m14:44:21.749338 [info ] [MainThread]:   profiles.yml file [[31mERROR invalid[0m]
[0m14:44:21.750000 [info ] [MainThread]:   dbt_project.yml file [[32mOK found and valid[0m]
[0m14:44:21.750773 [info ] [MainThread]: Required dependencies:
[0m14:44:21.751516 [debug] [MainThread]: Executing "git --help"
[0m14:44:21.758472 [info ] [MainThread]:  - git [[31mERROR[0m]

[0m14:44:21.759558 [info ] [MainThread]: Connection test skipped since no profile was found
[0m14:44:21.760634 [info ] [MainThread]: [31m2 checks failed:[0m
[0m14:44:21.761576 [info ] [MainThread]: Profile loading failed for the following reason:
Runtime Error
  Could not find profile named 'dbt_project'


[0m14:44:21.762660 [info ] [MainThread]: Error from git --help: Could not find command, ensure it is in the user's PATH and that the user has permissions to run it: "git"

[0m14:44:21.764642 [debug] [MainThread]: Command `dbt debug` failed at 14:44:21.764312 after 0.59 seconds
[0m14:44:21.765599 [debug] [MainThread]: Sending event: {'category': 'dbt', 'action': 'invocation', 'label': 'end', 'context': [<snowplow_tracker.self_describing_json.SelfDescribingJson object at 0x00000273B2702060>, <snowplow_tracker.self_describing_json.SelfDescribingJson object at 0x00000273B2B13E30>, <snowplow_tracker.self_describing_json.SelfDescribingJson object at 0x00000273B0B87350>]}
[0m14:44:21.766727 [debug] [MainThread]: Flushing usage events
[0m14:44:23.418357 [debug] [MainThread]: An error was encountered while trying to flush usage events
[0m14:52:25.484357 [debug] [MainThread]: Sending event: {'category': 'dbt', 'action': 'invocation', 'label': 'start', 'context': [<snowplow_tracker.self_describing_json.SelfDescribingJson object at 0x0000023FCF76ABA0>, <snowplow_tracker.self_describing_json.SelfDescribingJson object at 0x0000023FCD0BCA50>, <snowplow_tracker.self_describing_json.SelfDescribingJson object at 0x0000023FD206B890>]}


============================== 14:52:25.494455 | 74e1af36-968a-429a-9d19-4a18b48a0551 ==============================
[0m14:52:25.494455 [info ] [MainThread]: Running with dbt=1.12.0
[0m14:52:25.496132 [debug] [MainThread]: running dbt with arguments {'maximum_seed_size_mib': '1', 'no_print': 'None', 'static_parser': 'True', 'warn_error_options': 'WarnErrorOptionsV2(error=[], warn=[], silence=[])', 'target_path': 'None', 'version_check': 'True', 'printer_width': '80', 'write_json': 'True', 'introspect': 'True', 'log_cache_events': 'False', 'empty': 'None', 'cache_selected_only': 'False', 'log_format': 'default', 'debug': 'False', 'fail_fast': 'False', 'partial_parse': 'True', 'send_anonymous_usage_stats': 'True', 'quiet': 'False', 'warn_error': 'None', 'profiles_dir': 'C:\\Users\\X280\\.dbt', 'indirect_selection': 'eager', 'hints_enabled': 'True', 'invocation_command': 'dbt debug', 'use_experimental_parser': 'False', 'use_colors': 'True', 'log_path': 'C:\\Users\\X280\\dbt_project\\logs'}
[0m14:52:25.542062 [info ] [MainThread]: dbt version: 1.12.0
[0m14:52:25.543005 [info ] [MainThread]: python version: 3.14.0
[0m14:52:25.543629 [info ] [MainThread]: python path: C:\Users\X280\dbt_project\.venv\Scripts\python.exe
[0m14:52:25.544194 [info ] [MainThread]: os info: Windows-11-10.0.26200-SP0
[0m14:52:37.550306 [debug] [MainThread]: Spark adapter: Setting pyhive.hive logging to ERROR
[0m14:52:37.557125 [debug] [MainThread]: Spark adapter: Setting thrift.transport logging to ERROR
[0m14:52:37.558039 [debug] [MainThread]: Spark adapter: Setting thrift.protocol logging to ERROR
[0m14:52:50.341494 [info ] [MainThread]: Using profiles dir at C:\Users\X280\.dbt
[0m14:52:50.342230 [info ] [MainThread]: Using profiles.yml file at C:\Users\X280\.dbt\profiles.yml
[0m14:52:50.342824 [info ] [MainThread]: Using dbt_project.yml file at C:\Users\X280\dbt_project\dbt_project.yml
[0m14:52:50.343436 [info ] [MainThread]: adapter type: databricks
[0m14:52:50.344108 [info ] [MainThread]: adapter version: 1.12.4
[0m14:52:50.508980 [info ] [MainThread]: Configuration:
[0m14:52:50.509602 [info ] [MainThread]:   profiles.yml file [[32mOK found and valid[0m]
[0m14:52:50.510120 [info ] [MainThread]:   dbt_project.yml file [[32mOK found and valid[0m]
[0m14:52:50.510658 [info ] [MainThread]: Required dependencies:
[0m14:52:50.511277 [debug] [MainThread]: Executing "git --help"
[0m14:52:50.516510 [info ] [MainThread]:  - git [[31mERROR[0m]

[0m14:52:50.517203 [info ] [MainThread]: Connection:
[0m14:52:50.518114 [info ] [MainThread]:   host: dbc-bb1026f7-bfc4.cloud.databricks.com
[0m14:52:50.518879 [info ] [MainThread]:   http_path: /sql/1.0/warehouses/16445e946e95d9d3
[0m14:52:50.519863 [info ] [MainThread]:   catalog: workspace
[0m14:52:50.520430 [info ] [MainThread]:   schema: 1st_DBT_PROJECT
[0m14:52:50.521196 [info ] [MainThread]: Registered adapter: databricks=1.12.4
[0m14:52:51.841949 [debug] [MainThread]: Databricks adapter: DatabricksDBTConnection(session-id=None, name=debug) - Creating connection
[0m14:52:51.842439 [debug] [MainThread]: Acquiring new databricks connection 'debug'
[0m14:52:53.772766 [info ] [MainThread]: Databricks adapter:   SPOG host (host_type='workspace'): no
[0m14:52:53.773438 [info ] [MainThread]: Databricks adapter:   workspace_id (from ?o= in http_path): None
[0m14:52:53.773995 [info ] [MainThread]: Databricks adapter:   databricks-sql-connector version: 4.4.0 (supported)
[0m14:52:53.774539 [info ] [MainThread]: Databricks adapter:   databricks-sdk version: 0.117.0 (supported)
[0m14:52:53.775303 [debug] [MainThread]: Using databricks connection "debug"
[0m14:52:53.776159 [debug] [MainThread]: On debug: select 1 as id
[0m14:52:53.776849 [debug] [MainThread]: Opening a new connection, currently in state init
[0m14:52:58.648775 [debug] [MainThread]: Databricks adapter: Connection(session-id=01f1a6b4-1405-1171-ae5a-e97aa59920cd) - Created
[0m14:53:08.962536 [debug] [MainThread]: SQL status: OK in 15.190 seconds
[0m14:53:08.964807 [debug] [MainThread]: Databricks adapter: Cursor(session-id=01f1a6b4-1405-1171-ae5a-e97aa59920cd, command-id=01f1a6b4-1519-1c27-8b0c-75fe62c84509) - Closing
[0m14:53:09.311964 [debug] [MainThread]: On debug: Close
[0m14:53:09.312991 [debug] [MainThread]: Databricks adapter: Connection(session-id=01f1a6b4-1405-1171-ae5a-e97aa59920cd) - Closing
[0m14:53:09.664292 [info ] [MainThread]:   Connection test: [[32mOK connection ok[0m]

[0m14:53:09.666758 [info ] [MainThread]: [31m1 check failed:[0m
[0m14:53:09.669619 [info ] [MainThread]: Error from git --help: Could not find command, ensure it is in the user's PATH and that the user has permissions to run it: "git"

[0m14:53:09.674243 [debug] [MainThread]: Command `dbt debug` failed at 14:53:09.673818 after 44.46 seconds
[0m14:53:09.675405 [debug] [MainThread]: Sending event: {'category': 'dbt', 'action': 'invocation', 'label': 'end', 'context': [<snowplow_tracker.self_describing_json.SelfDescribingJson object at 0x0000023FE68D5A70>, <snowplow_tracker.self_describing_json.SelfDescribingJson object at 0x0000023FE6AE8DD0>, <snowplow_tracker.self_describing_json.SelfDescribingJson object at 0x0000023FE69B2E00>]}
[0m14:53:09.676545 [debug] [MainThread]: Flushing usage events
[0m14:53:11.384506 [debug] [MainThread]: An error was encountered while trying to flush usage events
[0m15:00:49.433728 [debug] [MainThread]: Sending event: {'category': 'dbt', 'action': 'invocation', 'label': 'start', 'context': [<snowplow_tracker.self_describing_json.SelfDescribingJson object at 0x00000228AFFCABA0>, <snowplow_tracker.self_describing_json.SelfDescribingJson object at 0x00000228AD97CA50>, <snowplow_tracker.self_describing_json.SelfDescribingJson object at 0x00000228B2923890>]}


============================== 15:00:49.444006 | a9713254-9698-45c1-9d8d-c9d25bdf1f79 ==============================
[0m15:00:49.444006 [info ] [MainThread]: Running with dbt=1.12.0
[0m15:00:49.445906 [debug] [MainThread]: running dbt with arguments {'version_check': 'True', 'no_print': 'None', 'maximum_seed_size_mib': '1', 'target_path': 'None', 'static_parser': 'True', 'warn_error_options': 'WarnErrorOptionsV2(error=[], warn=[], silence=[])', 'printer_width': '80', 'write_json': 'True', 'empty': 'False', 'log_cache_events': 'False', 'introspect': 'True', 'cache_selected_only': 'False', 'log_format': 'default', 'debug': 'False', 'fail_fast': 'False', 'profiles_dir': 'C:\\Users\\X280\\.dbt', 'send_anonymous_usage_stats': 'True', 'quiet': 'False', 'warn_error': 'None', 'partial_parse': 'True', 'invocation_command': 'dbt run', 'hints_enabled': 'True', 'use_colors': 'True', 'use_experimental_parser': 'False', 'indirect_selection': 'eager', 'log_path': 'C:\\Users\\X280\\dbt_project\\logs'}
[0m15:00:51.161714 [debug] [MainThread]: Spark adapter: Setting pyhive.hive logging to ERROR
[0m15:00:51.162287 [debug] [MainThread]: Spark adapter: Setting thrift.transport logging to ERROR
[0m15:00:51.162681 [debug] [MainThread]: Spark adapter: Setting thrift.protocol logging to ERROR
[0m15:00:53.171819 [debug] [MainThread]: Sending event: {'category': 'dbt', 'action': 'project_id', 'label': 'a9713254-9698-45c1-9d8d-c9d25bdf1f79', 'context': [<snowplow_tracker.self_describing_json.SelfDescribingJson object at 0x00000228C717C3E0>]}
[0m15:00:53.259429 [debug] [MainThread]: Sending event: {'category': 'dbt', 'action': 'adapter_info', 'label': 'a9713254-9698-45c1-9d8d-c9d25bdf1f79', 'context': [<snowplow_tracker.self_describing_json.SelfDescribingJson object at 0x00000228B0B86E00>]}
[0m15:00:53.260344 [info ] [MainThread]: Registered adapter: databricks=1.12.4
[0m15:00:53.928797 [debug] [MainThread]: checksum: 3dc68700ad7a368beffc73dbf81da035a64fcd39467072f1285d90f066942faf, vars: {}, profile: my_databricks_project, target: dev, version: 1.12.0
[0m15:00:53.931867 [info ] [MainThread]: Unable to do partial parsing because saved manifest not found. Starting full parse.
[0m15:00:53.933161 [debug] [MainThread]: Sending event: {'category': 'dbt', 'action': 'partial_parser', 'label': 'a9713254-9698-45c1-9d8d-c9d25bdf1f79', 'context': [<snowplow_tracker.self_describing_json.SelfDescribingJson object at 0x00000228C73AC850>]}
[0m15:00:58.604692 [warn ] [MainThread]: [[33mWARNING[0m]: Configuration paths exist in your dbt_project.yml file which do not apply to any resources.
There are 1 unused configuration paths:
- models.dbt_project
[0m15:00:58.612209 [debug] [MainThread]: Sending event: {'category': 'dbt', 'action': 'load_project', 'label': 'a9713254-9698-45c1-9d8d-c9d25bdf1f79', 'context': [<snowplow_tracker.self_describing_json.SelfDescribingJson object at 0x00000228C7359040>]}
[0m15:00:58.710655 [debug] [MainThread]: Wrote artifact WritableManifest to C:\Users\X280\dbt_project\target\manifest.json
[0m15:00:58.799847 [debug] [MainThread]: Wrote artifact SemanticManifest to C:\Users\X280\dbt_project\target\semantic_manifest.json
[0m15:00:59.007482 [debug] [MainThread]: Wrote artifact OsiDocument to C:\Users\X280\dbt_project\target\osi_document.json
[0m15:00:59.074711 [debug] [MainThread]: Sending event: {'category': 'dbt', 'action': 'resource_counts', 'label': 'a9713254-9698-45c1-9d8d-c9d25bdf1f79', 'context': [<snowplow_tracker.self_describing_json.SelfDescribingJson object at 0x00000228C7852270>]}
[0m15:00:59.075941 [info ] [MainThread]: Found 773 macros
[0m15:00:59.076985 [debug] [MainThread]: Sending event: {'category': 'dbt', 'action': 'runnable_timing', 'label': 'a9713254-9698-45c1-9d8d-c9d25bdf1f79', 'context': [<snowplow_tracker.self_describing_json.SelfDescribingJson object at 0x00000228C7758BB0>]}
[0m15:00:59.080993 [warn ] [MainThread]: [[33mWARNING[0m]: Nothing to do. Try checking your model configs and model specification args
[0m15:00:59.082628 [debug] [MainThread]: Command end result
[0m15:00:59.161414 [debug] [MainThread]: Wrote artifact WritableManifest to C:\Users\X280\dbt_project\target\manifest.json
[0m15:00:59.166102 [debug] [MainThread]: Wrote artifact SemanticManifest to C:\Users\X280\dbt_project\target\semantic_manifest.json
[0m15:00:59.170545 [debug] [MainThread]: Wrote artifact OsiDocument to C:\Users\X280\dbt_project\target\osi_document.json
[0m15:00:59.175274 [debug] [MainThread]: Wrote artifact RunExecutionResult to C:\Users\X280\dbt_project\target\run_results.json
[0m15:00:59.176482 [debug] [MainThread]: Command `dbt run` succeeded at 15:00:59.176320 after 9.95 seconds
[0m15:00:59.176960 [debug] [MainThread]: Sending event: {'category': 'dbt', 'action': 'invocation', 'label': 'end', 'context': [<snowplow_tracker.self_describing_json.SelfDescribingJson object at 0x00000228C78EED50>, <snowplow_tracker.self_describing_json.SelfDescribingJson object at 0x00000228C782E6D0>, <snowplow_tracker.self_describing_json.SelfDescribingJson object at 0x00000228C782E570>]}
[0m15:00:59.177432 [debug] [MainThread]: Flushing usage events
[0m15:01:00.911824 [debug] [MainThread]: An error was encountered while trying to flush usage events
[0m15:15:22.277555 [debug] [MainThread]: Sending event: {'category': 'dbt', 'action': 'invocation', 'label': 'start', 'context': [<snowplow_tracker.self_describing_json.SelfDescribingJson object at 0x00000274E98DABA0>, <snowplow_tracker.self_describing_json.SelfDescribingJson object at 0x00000274E722CA50>, <snowplow_tracker.self_describing_json.SelfDescribingJson object at 0x00000274EC22F890>]}


============================== 15:15:22.283103 | 6cad729d-5aa5-4fe7-b741-d0053830430f ==============================
[0m15:15:22.283103 [info ] [MainThread]: Running with dbt=1.12.0
[0m15:15:22.283906 [debug] [MainThread]: running dbt with arguments {'maximum_seed_size_mib': '1', 'no_print': 'None', 'static_parser': 'True', 'warn_error_options': 'WarnErrorOptionsV2(error=[], warn=[], silence=[])', 'target_path': 'None', 'version_check': 'True', 'printer_width': '80', 'write_json': 'True', 'introspect': 'True', 'log_cache_events': 'False', 'empty': 'False', 'cache_selected_only': 'False', 'log_format': 'default', 'debug': 'False', 'fail_fast': 'False', 'partial_parse': 'True', 'send_anonymous_usage_stats': 'True', 'quiet': 'False', 'warn_error': 'None', 'profiles_dir': 'C:\\Users\\X280\\.dbt', 'invocation_command': 'dbt run', 'hints_enabled': 'True', 'use_colors': 'True', 'use_experimental_parser': 'False', 'indirect_selection': 'eager', 'log_path': 'C:\\Users\\X280\\dbt_project\\logs'}
[0m15:15:23.983896 [debug] [MainThread]: Spark adapter: Setting pyhive.hive logging to ERROR
[0m15:15:23.984472 [debug] [MainThread]: Spark adapter: Setting thrift.transport logging to ERROR
[0m15:15:23.984917 [debug] [MainThread]: Spark adapter: Setting thrift.protocol logging to ERROR
[0m15:15:25.489448 [debug] [MainThread]: Sending event: {'category': 'dbt', 'action': 'project_id', 'label': '6cad729d-5aa5-4fe7-b741-d0053830430f', 'context': [<snowplow_tracker.self_describing_json.SelfDescribingJson object at 0x0000027482B5C3E0>]}
[0m15:15:25.582083 [debug] [MainThread]: Sending event: {'category': 'dbt', 'action': 'adapter_info', 'label': '6cad729d-5aa5-4fe7-b741-d0053830430f', 'context': [<snowplow_tracker.self_describing_json.SelfDescribingJson object at 0x00000274EA496E00>]}
[0m15:15:25.583006 [info ] [MainThread]: Registered adapter: databricks=1.12.4
[0m15:15:26.182587 [debug] [MainThread]: checksum: 3dc68700ad7a368beffc73dbf81da035a64fcd39467072f1285d90f066942faf, vars: {}, profile: my_databricks_project, target: dev, version: 1.12.0
[0m15:15:26.402552 [info ] [MainThread]: Unable to do partial parsing because a project config has changed
[0m15:15:26.404178 [debug] [MainThread]: Sending event: {'category': 'dbt', 'action': 'partial_parser', 'label': '6cad729d-5aa5-4fe7-b741-d0053830430f', 'context': [<snowplow_tracker.self_describing_json.SelfDescribingJson object at 0x0000027482D8D750>]}
[0m15:15:29.621909 [debug] [MainThread]: Sending event: {'category': 'dbt', 'action': 'load_project', 'label': '6cad729d-5aa5-4fe7-b741-d0053830430f', 'context': [<snowplow_tracker.self_describing_json.SelfDescribingJson object at 0x00000274830687D0>]}
[0m15:15:29.759853 [debug] [MainThread]: Wrote artifact WritableManifest to C:\Users\X280\dbt_project\target\manifest.json
[0m15:15:29.764114 [debug] [MainThread]: Wrote artifact SemanticManifest to C:\Users\X280\dbt_project\target\semantic_manifest.json
[0m15:15:29.804251 [debug] [MainThread]: Wrote artifact OsiDocument to C:\Users\X280\dbt_project\target\osi_document.json
[0m15:15:29.823358 [debug] [MainThread]: Sending event: {'category': 'dbt', 'action': 'resource_counts', 'label': '6cad729d-5aa5-4fe7-b741-d0053830430f', 'context': [<snowplow_tracker.self_describing_json.SelfDescribingJson object at 0x0000027483627CB0>]}
[0m15:15:29.824514 [info ] [MainThread]: Found 1 model, 773 macros
[0m15:15:29.825471 [debug] [MainThread]: Sending event: {'category': 'dbt', 'action': 'runnable_timing', 'label': '6cad729d-5aa5-4fe7-b741-d0053830430f', 'context': [<snowplow_tracker.self_describing_json.SelfDescribingJson object at 0x0000027483278460>]}
[0m15:15:29.834243 [info ] [MainThread]: 
[0m15:15:29.834926 [info ] [MainThread]: Concurrency: 4 threads (target='dev')
[0m15:15:29.835467 [info ] [MainThread]: 
[0m15:15:29.836323 [debug] [MainThread]: Databricks adapter: DatabricksDBTConnection(session-id=None, name=master) - Creating connection
[0m15:15:29.836784 [debug] [MainThread]: Acquiring new databricks connection 'master'
[0m15:15:29.839366 [debug] [ThreadPool]: Databricks adapter: DatabricksDBTConnection(session-id=None, name=list_workspace) - Creating connection
[0m15:15:29.840290 [debug] [ThreadPool]: Acquiring new databricks connection 'list_workspace'
[0m15:15:29.873742 [debug] [ThreadPool]: Using databricks connection "list_workspace"
[0m15:15:29.874734 [debug] [ThreadPool]: On list_workspace: /* {"app": "dbt", "dbt_version": "1.12.0", "dbt_databricks_version": "1.12.4", "databricks_sql_connector_version": "4.4.0", "profile_name": "my_databricks_project", "target_name": "dev", "invocation_id": "6cad729d-5aa5-4fe7-b741-d0053830430f", "connection_name": "list_workspace"} */

    

  SHOW SCHEMAS IN `workspace`


  
[0m15:15:29.875640 [debug] [ThreadPool]: Opening a new connection, currently in state init
[0m15:15:36.317427 [debug] [ThreadPool]: Databricks adapter: Connection(session-id=01f1a6b7-3d48-180a-a0f9-b225ef5fd205) - Created
[0m15:15:45.400474 [debug] [ThreadPool]: SQL status: OK in 15.520 seconds
[0m15:15:45.488184 [debug] [ThreadPool]: Databricks adapter: Cursor(session-id=01f1a6b7-3d48-180a-a0f9-b225ef5fd205, command-id=01f1a6b7-3e5b-1428-8cb7-a2dd92f0772d) - Closing
[0m15:15:45.834453 [debug] [ThreadPool]: On list_workspace: Close
[0m15:15:45.835427 [debug] [ThreadPool]: Databricks adapter: Connection(session-id=01f1a6b7-3d48-180a-a0f9-b225ef5fd205) - Closing
[0m15:15:46.218467 [debug] [ThreadPool]: Databricks adapter: DatabricksDBTConnection(session-id=None, name=list_workspace_1st_DBT_PROJECT) - Creating connection
[0m15:15:46.220204 [debug] [ThreadPool]: Acquiring new databricks connection 'list_workspace_1st_DBT_PROJECT'
[0m15:15:46.237665 [debug] [ThreadPool]: Using databricks connection "list_workspace_1st_DBT_PROJECT"
[0m15:15:46.239351 [debug] [ThreadPool]: On list_workspace_1st_DBT_PROJECT: /* {"app": "dbt", "dbt_version": "1.12.0", "dbt_databricks_version": "1.12.4", "databricks_sql_connector_version": "4.4.0", "profile_name": "my_databricks_project", "target_name": "dev", "invocation_id": "6cad729d-5aa5-4fe7-b741-d0053830430f", "connection_name": "list_workspace_1st_DBT_PROJECT"} */

    
SELECT
  table_name,
  if(table_type IN ('EXTERNAL', 'MANAGED', 'MANAGED_SHALLOW_CLONE', 'EXTERNAL_SHALLOW_CLONE'), 'table', lower(table_type)) AS table_type,
  lower(data_source_format) AS file_format,
  table_owner,
  if(
    table_type IN (
      'EXTERNAL',
      'MANAGED',
      'MANAGED_SHALLOW_CLONE',
      'EXTERNAL_SHALLOW_CLONE'
    ),
    lower(table_type),
    NULL
  ) AS databricks_table_type
FROM `system`.`information_schema`.`tables`
WHERE table_catalog = 'workspace'
  AND table_schema = '1st_dbt_project'

  
[0m15:15:46.240817 [debug] [ThreadPool]: Opening a new connection, currently in state init
[0m15:15:47.475369 [debug] [ThreadPool]: Databricks adapter: Connection(session-id=01f1a6b7-44c7-13a9-adcf-dcccf029196f) - Created
[0m15:15:49.886488 [debug] [ThreadPool]: SQL status: OK in 3.650 seconds
[0m15:15:49.929569 [debug] [ThreadPool]: Databricks adapter: Cursor(session-id=01f1a6b7-44c7-13a9-adcf-dcccf029196f, command-id=01f1a6b7-44fe-1805-aa7b-f990eefd0b75) - Closing
[0m15:15:49.931711 [debug] [ThreadPool]: On list_workspace_1st_DBT_PROJECT: Close
[0m15:15:49.932877 [debug] [ThreadPool]: Databricks adapter: Connection(session-id=01f1a6b7-44c7-13a9-adcf-dcccf029196f) - Closing
[0m15:15:50.302694 [debug] [MainThread]: Sending event: {'category': 'dbt', 'action': 'runnable_timing', 'label': '6cad729d-5aa5-4fe7-b741-d0053830430f', 'context': [<snowplow_tracker.self_describing_json.SelfDescribingJson object at 0x000002748363D490>]}
[0m15:15:50.362183 [debug] [Thread-3 (]: Began running node model.my_databricks_project.bronze_raw_dpt
[0m15:15:50.365840 [info ] [Thread-3 (]: 1 of 1 START sql view model 1st_dbt_project.bronze_raw_dpt ..................... [RUN]
[0m15:15:50.369695 [debug] [Thread-3 (]: Databricks adapter: DatabricksDBTConnection(session-id=None, name=model.my_databricks_project.bronze_raw_dpt) - Creating connection
[0m15:15:50.371617 [debug] [Thread-3 (]: Acquiring new databricks connection 'model.my_databricks_project.bronze_raw_dpt'
[0m15:15:50.373373 [debug] [Thread-3 (]: Began compiling node model.my_databricks_project.bronze_raw_dpt
[0m15:15:50.423745 [debug] [Thread-3 (]: Writing injected SQL for node "model.my_databricks_project.bronze_raw_dpt"
[0m15:15:50.442690 [debug] [Thread-3 (]: Began executing node model.my_databricks_project.bronze_raw_dpt
[0m15:15:50.509834 [debug] [Thread-3 (]: MATERIALIZING VIEW
[0m15:15:50.565033 [debug] [Thread-3 (]: Creating view `workspace`.`1st_dbt_project`.`bronze_raw_dpt`
[0m15:15:50.585689 [debug] [Thread-3 (]: Writing runtime sql for node "model.my_databricks_project.bronze_raw_dpt"
[0m15:15:50.590114 [debug] [Thread-3 (]: Using databricks connection "model.my_databricks_project.bronze_raw_dpt"
[0m15:15:50.591757 [debug] [Thread-3 (]: On model.my_databricks_project.bronze_raw_dpt: /* {"app": "dbt", "dbt_version": "1.12.0", "dbt_databricks_version": "1.12.4", "databricks_sql_connector_version": "4.4.0", "profile_name": "my_databricks_project", "target_name": "dev", "invocation_id": "6cad729d-5aa5-4fe7-b741-d0053830430f", "node_id": "model.my_databricks_project.bronze_raw_dpt"} */

  
  
  
  create or replace view `workspace`.`1st_dbt_project`.`bronze_raw_dpt`
  
  as (
    -- models/bronze/stg_raw_data.sql


SELECT * 
FROM workspace.1st_dbt_project.dbt_raw
  )

[0m15:15:50.593003 [debug] [Thread-3 (]: Opening a new connection, currently in state init
[0m15:15:51.932047 [debug] [Thread-3 (]: Databricks adapter: Connection(session-id=01f1a6b7-4772-16cd-ad05-388a71bcd3b4) - Created
[0m15:15:54.804634 [debug] [Thread-3 (]: SQL status: OK in 4.210 seconds
[0m15:15:54.806269 [debug] [Thread-3 (]: Databricks adapter: Cursor(session-id=01f1a6b7-4772-16cd-ad05-388a71bcd3b4, command-id=01f1a6b7-47a8-1a63-8b81-26928686bf6c) - Closing
[0m15:15:54.824289 [debug] [Thread-3 (]: Applying tags to relation None
[0m15:15:54.838638 [debug] [Thread-3 (]: On model.my_databricks_project.bronze_raw_dpt: Close
[0m15:15:54.839485 [debug] [Thread-3 (]: Databricks adapter: Connection(session-id=01f1a6b7-4772-16cd-ad05-388a71bcd3b4) - Closing
[0m15:15:55.206239 [debug] [Thread-3 (]: Sending event: {'category': 'dbt', 'action': 'run_model', 'label': '6cad729d-5aa5-4fe7-b741-d0053830430f', 'context': [<snowplow_tracker.self_describing_json.SelfDescribingJson object at 0x00000274E9E43330>]}
[0m15:15:55.209222 [info ] [Thread-3 (]: 1 of 1 OK created sql view model 1st_dbt_project.bronze_raw_dpt ................ [[32mOK[0m in 4.83s]
[0m15:15:55.213574 [debug] [Thread-3 (]: Finished running node model.my_databricks_project.bronze_raw_dpt
[0m15:15:55.219678 [debug] [MainThread]: Databricks adapter: DatabricksDBTConnection(session-id=None, name=master) - Creating connection
[0m15:15:55.221199 [debug] [MainThread]: Acquiring new databricks connection 'master'
[0m15:15:55.223192 [info ] [MainThread]: 
[0m15:15:55.225061 [info ] [MainThread]: Finished running 1 view model in 0 hours 0 minutes and 25.39 seconds (25.39s).
[0m15:15:55.230499 [debug] [MainThread]: Command end result
[0m15:15:55.336458 [debug] [MainThread]: Wrote artifact WritableManifest to C:\Users\X280\dbt_project\target\manifest.json
[0m15:15:55.340610 [debug] [MainThread]: Wrote artifact SemanticManifest to C:\Users\X280\dbt_project\target\semantic_manifest.json
[0m15:15:55.344624 [debug] [MainThread]: Wrote artifact OsiDocument to C:\Users\X280\dbt_project\target\osi_document.json
[0m15:15:55.353100 [debug] [MainThread]: Wrote artifact RunExecutionResult to C:\Users\X280\dbt_project\target\run_results.json
[0m15:15:55.353501 [info ] [MainThread]: 
[0m15:15:55.354123 [info ] [MainThread]: [32mCompleted successfully[0m
[0m15:15:55.354692 [info ] [MainThread]: 
[0m15:15:55.355584 [info ] [MainThread]: Done. PASS=1 WARN=0 ERROR=0 SKIP=0 NO-OP=0 REUSED=0 TOTAL=1
[0m15:15:55.357263 [debug] [MainThread]: Command `dbt run` succeeded at 15:15:55.357066 after 33.28 seconds
[0m15:15:55.357808 [debug] [MainThread]: Sending event: {'category': 'dbt', 'action': 'invocation', 'label': 'end', 'context': [<snowplow_tracker.self_describing_json.SelfDescribingJson object at 0x000002748338CC30>, <snowplow_tracker.self_describing_json.SelfDescribingJson object at 0x0000027483672C30>, <snowplow_tracker.self_describing_json.SelfDescribingJson object at 0x00000274835E9F50>]}
[0m15:15:55.358295 [debug] [MainThread]: Flushing usage events
[0m15:15:56.930391 [debug] [MainThread]: An error was encountered while trying to flush usage events
[0m15:28:31.689840 [debug] [MainThread]: Sending event: {'category': 'dbt', 'action': 'invocation', 'label': 'start', 'context': [<snowplow_tracker.self_describing_json.SelfDescribingJson object at 0x00000255219FABA0>, <snowplow_tracker.self_describing_json.SelfDescribingJson object at 0x000002551F34CA50>, <snowplow_tracker.self_describing_json.SelfDescribingJson object at 0x0000025524353890>]}


============================== 15:28:31.699784 | 5f277cab-dc5d-4703-baff-986343f864c2 ==============================
[0m15:28:31.699784 [info ] [MainThread]: Running with dbt=1.12.0
[0m15:28:31.701237 [debug] [MainThread]: running dbt with arguments {'maximum_seed_size_mib': '1', 'no_print': 'None', 'version_check': 'True', 'warn_error_options': 'WarnErrorOptionsV2(error=[], warn=[], silence=[])', 'target_path': 'None', 'static_parser': 'True', 'printer_width': '80', 'write_json': 'True', 'introspect': 'True', 'log_cache_events': 'False', 'empty': 'False', 'cache_selected_only': 'False', 'fail_fast': 'False', 'debug': 'False', 'log_format': 'default', 'partial_parse': 'True', 'send_anonymous_usage_stats': 'True', 'quiet': 'False', 'warn_error': 'None', 'profiles_dir': 'C:\\Users\\X280\\.dbt', 'invocation_command': 'dbt run', 'hints_enabled': 'True', 'indirect_selection': 'eager', 'use_experimental_parser': 'False', 'use_colors': 'True', 'log_path': 'C:\\Users\\X280\\dbt_project\\logs'}
[0m15:28:33.413001 [debug] [MainThread]: Spark adapter: Setting pyhive.hive logging to ERROR
[0m15:28:33.413565 [debug] [MainThread]: Spark adapter: Setting thrift.transport logging to ERROR
[0m15:28:33.413976 [debug] [MainThread]: Spark adapter: Setting thrift.protocol logging to ERROR
[0m15:28:34.833600 [debug] [MainThread]: Sending event: {'category': 'dbt', 'action': 'project_id', 'label': '5f277cab-dc5d-4703-baff-986343f864c2', 'context': [<snowplow_tracker.self_describing_json.SelfDescribingJson object at 0x0000025538B4C3E0>]}
[0m15:28:34.932807 [debug] [MainThread]: Sending event: {'category': 'dbt', 'action': 'adapter_info', 'label': '5f277cab-dc5d-4703-baff-986343f864c2', 'context': [<snowplow_tracker.self_describing_json.SelfDescribingJson object at 0x00000255225B6E00>]}
[0m15:28:34.933797 [info ] [MainThread]: Registered adapter: databricks=1.12.4
[0m15:28:35.503292 [debug] [MainThread]: checksum: 3dc68700ad7a368beffc73dbf81da035a64fcd39467072f1285d90f066942faf, vars: {}, profile: my_databricks_project, target: dev, version: 1.12.0
[0m15:28:35.714668 [debug] [MainThread]: Partial parsing enabled: 0 files deleted, 2 files added, 0 files changed.
[0m15:28:35.715225 [debug] [MainThread]: Partial parsing: added file: my_databricks_project://models\silver\silver_cleaned_dpt.sql
[0m15:28:35.715627 [debug] [MainThread]: Partial parsing: added file: my_databricks_project://models\gold\gold_summary_dpt.sql
[0m15:28:36.087630 [debug] [MainThread]: Sending event: {'category': 'dbt', 'action': 'load_project', 'label': '5f277cab-dc5d-4703-baff-986343f864c2', 'context': [<snowplow_tracker.self_describing_json.SelfDescribingJson object at 0x000002553937D850>]}
[0m15:28:36.193248 [debug] [MainThread]: Wrote artifact WritableManifest to C:\Users\X280\dbt_project\target\manifest.json
[0m15:28:36.197110 [debug] [MainThread]: Wrote artifact SemanticManifest to C:\Users\X280\dbt_project\target\semantic_manifest.json
[0m15:28:36.229142 [debug] [MainThread]: Wrote artifact OsiDocument to C:\Users\X280\dbt_project\target\osi_document.json
[0m15:28:36.242202 [debug] [MainThread]: Sending event: {'category': 'dbt', 'action': 'resource_counts', 'label': '5f277cab-dc5d-4703-baff-986343f864c2', 'context': [<snowplow_tracker.self_describing_json.SelfDescribingJson object at 0x00000255395CF890>]}
[0m15:28:36.242792 [info ] [MainThread]: Found 3 models, 773 macros
[0m15:28:36.243331 [debug] [MainThread]: Sending event: {'category': 'dbt', 'action': 'runnable_timing', 'label': '5f277cab-dc5d-4703-baff-986343f864c2', 'context': [<snowplow_tracker.self_describing_json.SelfDescribingJson object at 0x000002553958BE70>]}
[0m15:28:36.245677 [info ] [MainThread]: 
[0m15:28:36.246228 [info ] [MainThread]: Concurrency: 4 threads (target='dev')
[0m15:28:36.246664 [info ] [MainThread]: 
[0m15:28:36.247408 [debug] [MainThread]: Databricks adapter: DatabricksDBTConnection(session-id=None, name=master) - Creating connection
[0m15:28:36.247802 [debug] [MainThread]: Acquiring new databricks connection 'master'
[0m15:28:36.256496 [debug] [ThreadPool]: Databricks adapter: DatabricksDBTConnection(session-id=None, name=list_workspace) - Creating connection
[0m15:28:36.257219 [debug] [ThreadPool]: Acquiring new databricks connection 'list_workspace'
[0m15:28:36.277436 [debug] [ThreadPool]: Using databricks connection "list_workspace"
[0m15:28:36.277919 [debug] [ThreadPool]: On list_workspace: /* {"app": "dbt", "dbt_version": "1.12.0", "dbt_databricks_version": "1.12.4", "databricks_sql_connector_version": "4.4.0", "profile_name": "my_databricks_project", "target_name": "dev", "invocation_id": "5f277cab-dc5d-4703-baff-986343f864c2", "connection_name": "list_workspace"} */

    

  SHOW SCHEMAS IN `workspace`


  
[0m15:28:36.278289 [debug] [ThreadPool]: Opening a new connection, currently in state init
[0m15:28:42.560827 [debug] [ThreadPool]: Databricks adapter: Connection(session-id=01f1a6b9-1206-11a7-9ac1-5dd6e6f49a0d) - Created
[0m15:28:43.343134 [debug] [ThreadPool]: SQL status: OK in 7.060 seconds
[0m15:28:43.373250 [debug] [ThreadPool]: Databricks adapter: Cursor(session-id=01f1a6b9-1206-11a7-9ac1-5dd6e6f49a0d, command-id=01f1a6b9-1300-19d0-8595-4651cb51a712) - Closing
[0m15:28:43.375357 [debug] [ThreadPool]: On list_workspace: Close
[0m15:28:43.376843 [debug] [ThreadPool]: Databricks adapter: Connection(session-id=01f1a6b9-1206-11a7-9ac1-5dd6e6f49a0d) - Closing
[0m15:28:43.749124 [debug] [ThreadPool]: Databricks adapter: DatabricksDBTConnection(session-id=None, name=list_workspace_1st_DBT_PROJECT) - Creating connection
[0m15:28:43.751005 [debug] [ThreadPool]: Acquiring new databricks connection 'list_workspace_1st_DBT_PROJECT'
[0m15:28:43.769291 [debug] [ThreadPool]: Using databricks connection "list_workspace_1st_DBT_PROJECT"
[0m15:28:43.771214 [debug] [ThreadPool]: On list_workspace_1st_DBT_PROJECT: /* {"app": "dbt", "dbt_version": "1.12.0", "dbt_databricks_version": "1.12.4", "databricks_sql_connector_version": "4.4.0", "profile_name": "my_databricks_project", "target_name": "dev", "invocation_id": "5f277cab-dc5d-4703-baff-986343f864c2", "connection_name": "list_workspace_1st_DBT_PROJECT"} */

    
SELECT
  table_name,
  if(table_type IN ('EXTERNAL', 'MANAGED', 'MANAGED_SHALLOW_CLONE', 'EXTERNAL_SHALLOW_CLONE'), 'table', lower(table_type)) AS table_type,
  lower(data_source_format) AS file_format,
  table_owner,
  if(
    table_type IN (
      'EXTERNAL',
      'MANAGED',
      'MANAGED_SHALLOW_CLONE',
      'EXTERNAL_SHALLOW_CLONE'
    ),
    lower(table_type),
    NULL
  ) AS databricks_table_type
FROM `system`.`information_schema`.`tables`
WHERE table_catalog = 'workspace'
  AND table_schema = '1st_dbt_project'

  
[0m15:28:43.772981 [debug] [ThreadPool]: Opening a new connection, currently in state init
[0m15:28:45.318864 [debug] [ThreadPool]: Databricks adapter: Connection(session-id=01f1a6b9-1460-14a5-80ab-0978174532e8) - Created
[0m15:28:46.090731 [debug] [ThreadPool]: SQL status: OK in 2.320 seconds
[0m15:28:46.097115 [debug] [ThreadPool]: Databricks adapter: Cursor(session-id=01f1a6b9-1460-14a5-80ab-0978174532e8, command-id=01f1a6b9-14a5-1de6-85ab-bbb9879c31cc) - Closing
[0m15:28:46.098390 [debug] [ThreadPool]: On list_workspace_1st_DBT_PROJECT: Close
[0m15:28:46.099006 [debug] [ThreadPool]: Databricks adapter: Connection(session-id=01f1a6b9-1460-14a5-80ab-0978174532e8) - Closing
[0m15:28:46.443191 [debug] [MainThread]: Sending event: {'category': 'dbt', 'action': 'runnable_timing', 'label': '5f277cab-dc5d-4703-baff-986343f864c2', 'context': [<snowplow_tracker.self_describing_json.SelfDescribingJson object at 0x00000255395D7D40>]}
[0m15:28:46.465846 [debug] [Thread-3 (]: Began running node model.my_databricks_project.bronze_raw_dpt
[0m15:28:46.468209 [info ] [Thread-3 (]: 1 of 3 START sql view model 1st_dbt_project.bronze_raw_dpt ..................... [RUN]
[0m15:28:46.471235 [debug] [Thread-3 (]: Databricks adapter: DatabricksDBTConnection(session-id=None, name=model.my_databricks_project.bronze_raw_dpt) - Creating connection
[0m15:28:46.472921 [debug] [Thread-3 (]: Acquiring new databricks connection 'model.my_databricks_project.bronze_raw_dpt'
[0m15:28:46.475464 [debug] [Thread-3 (]: Began compiling node model.my_databricks_project.bronze_raw_dpt
[0m15:28:46.504330 [debug] [Thread-3 (]: Writing injected SQL for node "model.my_databricks_project.bronze_raw_dpt"
[0m15:28:46.506335 [debug] [Thread-3 (]: Began executing node model.my_databricks_project.bronze_raw_dpt
[0m15:28:46.530276 [debug] [Thread-3 (]: MATERIALIZING VIEW
[0m15:28:46.557396 [debug] [Thread-3 (]: Creating view `workspace`.`1st_dbt_project`.`bronze_raw_dpt`
[0m15:28:46.571831 [debug] [Thread-3 (]: Writing runtime sql for node "model.my_databricks_project.bronze_raw_dpt"
[0m15:28:46.572908 [debug] [Thread-3 (]: Using databricks connection "model.my_databricks_project.bronze_raw_dpt"
[0m15:28:46.573609 [debug] [Thread-3 (]: On model.my_databricks_project.bronze_raw_dpt: /* {"app": "dbt", "dbt_version": "1.12.0", "dbt_databricks_version": "1.12.4", "databricks_sql_connector_version": "4.4.0", "profile_name": "my_databricks_project", "target_name": "dev", "invocation_id": "5f277cab-dc5d-4703-baff-986343f864c2", "node_id": "model.my_databricks_project.bronze_raw_dpt"} */

  
  
  
  create or replace view `workspace`.`1st_dbt_project`.`bronze_raw_dpt`
  
  as (
    -- models/bronze/stg_raw_data.sql


SELECT * 
FROM workspace.1st_dbt_project.dbt_raw
  )

[0m15:28:46.574230 [debug] [Thread-3 (]: Opening a new connection, currently in state init
[0m15:28:47.945230 [debug] [Thread-3 (]: Databricks adapter: Connection(session-id=01f1a6b9-1603-15e3-943f-32323e5682d6) - Created
[0m15:28:49.197624 [debug] [Thread-3 (]: SQL status: OK in 2.620 seconds
[0m15:28:49.200470 [debug] [Thread-3 (]: Databricks adapter: Cursor(session-id=01f1a6b9-1603-15e3-943f-32323e5682d6, command-id=01f1a6b9-1635-13aa-9f4e-c53114016152) - Closing
[0m15:28:49.235718 [debug] [Thread-3 (]: Applying tags to relation None
[0m15:28:49.240796 [debug] [Thread-3 (]: On model.my_databricks_project.bronze_raw_dpt: Close
[0m15:28:49.241525 [debug] [Thread-3 (]: Databricks adapter: Connection(session-id=01f1a6b9-1603-15e3-943f-32323e5682d6) - Closing
[0m15:28:49.586741 [debug] [Thread-3 (]: Sending event: {'category': 'dbt', 'action': 'run_model', 'label': '5f277cab-dc5d-4703-baff-986343f864c2', 'context': [<snowplow_tracker.self_describing_json.SelfDescribingJson object at 0x0000025539592ED0>]}
[0m15:28:49.588610 [info ] [Thread-3 (]: 1 of 3 OK created sql view model 1st_dbt_project.bronze_raw_dpt ................ [[32mOK[0m in 3.11s]
[0m15:28:49.590430 [debug] [Thread-3 (]: Finished running node model.my_databricks_project.bronze_raw_dpt
[0m15:28:49.592087 [debug] [Thread-4 (]: Began running node model.my_databricks_project.silver_cleaned_dpt
[0m15:28:49.594257 [info ] [Thread-4 (]: 2 of 3 START sql table model 1st_dbt_project.silver_cleaned_dpt ................ [RUN]
[0m15:28:49.596376 [debug] [Thread-4 (]: Databricks adapter: DatabricksDBTConnection(session-id=None, name=model.my_databricks_project.silver_cleaned_dpt) - Creating connection
[0m15:28:49.597821 [debug] [Thread-4 (]: Acquiring new databricks connection 'model.my_databricks_project.silver_cleaned_dpt'
[0m15:28:49.599229 [debug] [Thread-4 (]: Began compiling node model.my_databricks_project.silver_cleaned_dpt
[0m15:28:49.603566 [debug] [Thread-4 (]: Writing injected SQL for node "model.my_databricks_project.silver_cleaned_dpt"
[0m15:28:49.606193 [debug] [Thread-4 (]: Began executing node model.my_databricks_project.silver_cleaned_dpt
[0m15:28:49.647021 [debug] [Thread-4 (]: MATERIALIZING TABLE
[0m15:28:49.743706 [debug] [Thread-4 (]: Using databricks connection "model.my_databricks_project.silver_cleaned_dpt"
[0m15:28:49.745055 [debug] [Thread-4 (]: On model.my_databricks_project.silver_cleaned_dpt: /* {"app": "dbt", "dbt_version": "1.12.0", "dbt_databricks_version": "1.12.4", "databricks_sql_connector_version": "4.4.0", "profile_name": "my_databricks_project", "target_name": "dev", "invocation_id": "5f277cab-dc5d-4703-baff-986343f864c2", "node_id": "model.my_databricks_project.silver_cleaned_dpt"} */
SELECT
    table_catalog,
    table_schema,
    table_name,
    filter_name,
    target_columns
  FROM `workspace`.`information_schema`.`row_filters`
  WHERE table_catalog = 'workspace'
    AND table_schema = '1st_dbt_project'
    AND table_name = 'silver_cleaned_dpt'
[0m15:28:49.746261 [debug] [Thread-4 (]: Opening a new connection, currently in state init
[0m15:28:51.059421 [debug] [Thread-4 (]: Databricks adapter: Connection(session-id=01f1a6b9-17dd-10a6-97d7-c63a820a8cc6) - Created
[0m15:28:51.841351 [debug] [Thread-4 (]: SQL status: OK in 2.090 seconds
[0m15:28:51.849527 [debug] [Thread-4 (]: Databricks adapter: Cursor(session-id=01f1a6b9-17dd-10a6-97d7-c63a820a8cc6, command-id=01f1a6b9-1811-1f4c-89c3-24b8c4fffc16) - Closing
[0m15:28:51.883522 [debug] [Thread-4 (]: Writing runtime sql for node "model.my_databricks_project.silver_cleaned_dpt"
[0m15:28:51.885422 [debug] [Thread-4 (]: Using databricks connection "model.my_databricks_project.silver_cleaned_dpt"
[0m15:28:51.886066 [debug] [Thread-4 (]: On model.my_databricks_project.silver_cleaned_dpt: /* {"app": "dbt", "dbt_version": "1.12.0", "dbt_databricks_version": "1.12.4", "databricks_sql_connector_version": "4.4.0", "profile_name": "my_databricks_project", "target_name": "dev", "invocation_id": "5f277cab-dc5d-4703-baff-986343f864c2", "node_id": "model.my_databricks_project.silver_cleaned_dpt"} */

  
    
        create or replace table `workspace`.`1st_dbt_project`.`silver_cleaned_dpt`
      
      
    using delta
  
      
      
      
      
      
      
      
      
      as
      SELECT 
    *
FROM `workspace`.`1st_dbt_project`.`bronze_raw_dpt`
  
[0m15:28:56.787522 [debug] [Thread-4 (]: SQL status: OK in 4.900 seconds
[0m15:28:56.791619 [debug] [Thread-4 (]: Databricks adapter: Cursor(session-id=01f1a6b9-17dd-10a6-97d7-c63a820a8cc6, command-id=01f1a6b9-188e-16fa-8ba6-83dbb05c1cfa) - Closing
[0m15:28:56.793971 [debug] [Thread-4 (]: Applying tags to relation None
[0m15:28:56.836682 [debug] [Thread-4 (]: On model.my_databricks_project.silver_cleaned_dpt: Close
[0m15:28:56.837242 [debug] [Thread-4 (]: Databricks adapter: Connection(session-id=01f1a6b9-17dd-10a6-97d7-c63a820a8cc6) - Closing
[0m15:28:57.157964 [debug] [Thread-4 (]: Sending event: {'category': 'dbt', 'action': 'run_model', 'label': '5f277cab-dc5d-4703-baff-986343f864c2', 'context': [<snowplow_tracker.self_describing_json.SelfDescribingJson object at 0x00000255394D1F40>]}
[0m15:28:57.161129 [info ] [Thread-4 (]: 2 of 3 OK created sql table model 1st_dbt_project.silver_cleaned_dpt ........... [[32mOK[0m in 7.56s]
[0m15:28:57.164352 [debug] [Thread-4 (]: Finished running node model.my_databricks_project.silver_cleaned_dpt
[0m15:28:57.168332 [debug] [Thread-5 (]: Began running node model.my_databricks_project.gold_summary_dpt
[0m15:28:57.171587 [info ] [Thread-5 (]: 3 of 3 START sql table model 1st_dbt_project.gold_summary_dpt .................. [RUN]
[0m15:28:57.175640 [debug] [Thread-5 (]: Databricks adapter: DatabricksDBTConnection(session-id=None, name=model.my_databricks_project.gold_summary_dpt) - Creating connection
[0m15:28:57.178120 [debug] [Thread-5 (]: Acquiring new databricks connection 'model.my_databricks_project.gold_summary_dpt'
[0m15:28:57.180712 [debug] [Thread-5 (]: Began compiling node model.my_databricks_project.gold_summary_dpt
[0m15:28:57.188759 [debug] [Thread-5 (]: Writing injected SQL for node "model.my_databricks_project.gold_summary_dpt"
[0m15:28:57.191947 [debug] [Thread-5 (]: Began executing node model.my_databricks_project.gold_summary_dpt
[0m15:28:57.194105 [debug] [Thread-5 (]: MATERIALIZING TABLE
[0m15:28:57.198985 [debug] [Thread-5 (]: Using databricks connection "model.my_databricks_project.gold_summary_dpt"
[0m15:28:57.200292 [debug] [Thread-5 (]: On model.my_databricks_project.gold_summary_dpt: /* {"app": "dbt", "dbt_version": "1.12.0", "dbt_databricks_version": "1.12.4", "databricks_sql_connector_version": "4.4.0", "profile_name": "my_databricks_project", "target_name": "dev", "invocation_id": "5f277cab-dc5d-4703-baff-986343f864c2", "node_id": "model.my_databricks_project.gold_summary_dpt"} */
SELECT
    table_catalog,
    table_schema,
    table_name,
    filter_name,
    target_columns
  FROM `workspace`.`information_schema`.`row_filters`
  WHERE table_catalog = 'workspace'
    AND table_schema = '1st_dbt_project'
    AND table_name = 'gold_summary_dpt'
[0m15:28:57.201192 [debug] [Thread-5 (]: Opening a new connection, currently in state init
[0m15:28:58.492056 [debug] [Thread-5 (]: Databricks adapter: Connection(session-id=01f1a6b9-1c41-1d9e-84c6-3f7c426146a3) - Created
[0m15:28:59.327487 [debug] [Thread-5 (]: SQL status: OK in 2.130 seconds
[0m15:28:59.333250 [debug] [Thread-5 (]: Databricks adapter: Cursor(session-id=01f1a6b9-1c41-1d9e-84c6-3f7c426146a3, command-id=01f1a6b9-1c7e-150e-bdbf-46fa62bf33f3) - Closing
[0m15:28:59.337226 [debug] [Thread-5 (]: Writing runtime sql for node "model.my_databricks_project.gold_summary_dpt"
[0m15:28:59.339924 [debug] [Thread-5 (]: Using databricks connection "model.my_databricks_project.gold_summary_dpt"
[0m15:28:59.340934 [debug] [Thread-5 (]: On model.my_databricks_project.gold_summary_dpt: /* {"app": "dbt", "dbt_version": "1.12.0", "dbt_databricks_version": "1.12.4", "databricks_sql_connector_version": "4.4.0", "profile_name": "my_databricks_project", "target_name": "dev", "invocation_id": "5f277cab-dc5d-4703-baff-986343f864c2", "node_id": "model.my_databricks_project.gold_summary_dpt"} */

  
    
        create or replace table `workspace`.`1st_dbt_project`.`gold_summary_dpt`
      
      
    using delta
  
      
      
      
      
      
      
      
      
      as
      SELECT 
    COUNT(*) AS total_records
FROM `workspace`.`1st_dbt_project`.`silver_cleaned_dpt`
  
[0m15:29:02.772530 [debug] [Thread-5 (]: SQL status: OK in 3.430 seconds
[0m15:29:02.775804 [debug] [Thread-5 (]: Databricks adapter: Cursor(session-id=01f1a6b9-1c41-1d9e-84c6-3f7c426146a3, command-id=01f1a6b9-1cff-10d9-bdfa-cc10be2c7cb9) - Closing
[0m15:29:02.778758 [debug] [Thread-5 (]: Applying tags to relation None
[0m15:29:02.784547 [debug] [Thread-5 (]: On model.my_databricks_project.gold_summary_dpt: Close
[0m15:29:02.786001 [debug] [Thread-5 (]: Databricks adapter: Connection(session-id=01f1a6b9-1c41-1d9e-84c6-3f7c426146a3) - Closing
[0m15:29:03.165327 [debug] [Thread-5 (]: Sending event: {'category': 'dbt', 'action': 'run_model', 'label': '5f277cab-dc5d-4703-baff-986343f864c2', 'context': [<snowplow_tracker.self_describing_json.SelfDescribingJson object at 0x000002553963DDB0>]}
[0m15:29:03.168261 [info ] [Thread-5 (]: 3 of 3 OK created sql table model 1st_dbt_project.gold_summary_dpt ............. [[32mOK[0m in 5.99s]
[0m15:29:03.171396 [debug] [Thread-5 (]: Finished running node model.my_databricks_project.gold_summary_dpt
[0m15:29:03.177484 [debug] [MainThread]: Databricks adapter: DatabricksDBTConnection(session-id=None, name=master) - Creating connection
[0m15:29:03.178943 [debug] [MainThread]: Acquiring new databricks connection 'master'
[0m15:29:03.181074 [info ] [MainThread]: 
[0m15:29:03.183050 [info ] [MainThread]: Finished running 2 table models, 1 view model in 0 hours 0 minutes and 26.93 seconds (26.93s).
[0m15:29:03.190588 [debug] [MainThread]: Command end result
[0m15:29:03.295718 [debug] [MainThread]: Wrote artifact WritableManifest to C:\Users\X280\dbt_project\target\manifest.json
[0m15:29:03.299739 [debug] [MainThread]: Wrote artifact SemanticManifest to C:\Users\X280\dbt_project\target\semantic_manifest.json
[0m15:29:03.303898 [debug] [MainThread]: Wrote artifact OsiDocument to C:\Users\X280\dbt_project\target\osi_document.json
[0m15:29:03.313949 [debug] [MainThread]: Wrote artifact RunExecutionResult to C:\Users\X280\dbt_project\target\run_results.json
[0m15:29:03.314378 [info ] [MainThread]: 
[0m15:29:03.314985 [info ] [MainThread]: [32mCompleted successfully[0m
[0m15:29:03.315527 [info ] [MainThread]: 
[0m15:29:03.316103 [info ] [MainThread]: Done. PASS=3 WARN=0 ERROR=0 SKIP=0 NO-OP=0 REUSED=0 TOTAL=3
[0m15:29:03.317353 [debug] [MainThread]: Command `dbt run` succeeded at 15:29:03.317211 after 31.84 seconds
[0m15:29:03.317828 [debug] [MainThread]: Sending event: {'category': 'dbt', 'action': 'invocation', 'label': 'end', 'context': [<snowplow_tracker.self_describing_json.SelfDescribingJson object at 0x00000255395DBB50>, <snowplow_tracker.self_describing_json.SelfDescribingJson object at 0x0000025527B53350>, <snowplow_tracker.self_describing_json.SelfDescribingJson object at 0x00000255243D02F0>]}
[0m15:29:03.318282 [debug] [MainThread]: Flushing usage events
[0m15:29:05.039875 [debug] [MainThread]: An error was encountered while trying to flush usage events
[0m15:30:23.282234 [debug] [MainThread]: Sending event: {'category': 'dbt', 'action': 'invocation', 'label': 'start', 'context': [<snowplow_tracker.self_describing_json.SelfDescribingJson object at 0x000001AC0009ABA0>, <snowplow_tracker.self_describing_json.SelfDescribingJson object at 0x000001AC7D9CCA50>, <snowplow_tracker.self_describing_json.SelfDescribingJson object at 0x000001AC029DB890>]}


============================== 15:30:23.288326 | 2499d746-7a96-4717-bc95-8199a60a996c ==============================
[0m15:30:23.288326 [info ] [MainThread]: Running with dbt=1.12.0
[0m15:30:23.289406 [debug] [MainThread]: running dbt with arguments {'version_check': 'True', 'no_print': 'None', 'static_parser': 'True', 'warn_error_options': 'WarnErrorOptionsV2(error=[], warn=[], silence=[])', 'maximum_seed_size_mib': '1', 'target_path': 'None', 'printer_width': '80', 'write_json': 'True', 'introspect': 'True', 'log_cache_events': 'False', 'empty': 'None', 'cache_selected_only': 'False', 'fail_fast': 'False', 'debug': 'False', 'log_format': 'default', 'profiles_dir': 'C:\\Users\\X280\\.dbt', 'send_anonymous_usage_stats': 'True', 'quiet': 'False', 'warn_error': 'None', 'partial_parse': 'True', 'use_colors': 'True', 'hints_enabled': 'True', 'invocation_command': 'dbt test', 'use_experimental_parser': 'False', 'indirect_selection': 'eager', 'log_path': 'C:\\Users\\X280\\dbt_project\\logs'}
[0m15:30:24.861167 [debug] [MainThread]: Spark adapter: Setting pyhive.hive logging to ERROR
[0m15:30:24.861704 [debug] [MainThread]: Spark adapter: Setting thrift.transport logging to ERROR
[0m15:30:24.862081 [debug] [MainThread]: Spark adapter: Setting thrift.protocol logging to ERROR
[0m15:30:25.969957 [debug] [MainThread]: Sending event: {'category': 'dbt', 'action': 'project_id', 'label': '2499d746-7a96-4717-bc95-8199a60a996c', 'context': [<snowplow_tracker.self_describing_json.SelfDescribingJson object at 0x000001AC1736C3E0>]}
[0m15:30:26.053944 [debug] [MainThread]: Sending event: {'category': 'dbt', 'action': 'adapter_info', 'label': '2499d746-7a96-4717-bc95-8199a60a996c', 'context': [<snowplow_tracker.self_describing_json.SelfDescribingJson object at 0x000001AC00C46E00>]}
[0m15:30:26.054886 [info ] [MainThread]: Registered adapter: databricks=1.12.4
[0m15:30:26.618899 [debug] [MainThread]: checksum: 3dc68700ad7a368beffc73dbf81da035a64fcd39467072f1285d90f066942faf, vars: {}, profile: my_databricks_project, target: dev, version: 1.12.0
[0m15:30:26.825542 [debug] [MainThread]: Partial parsing enabled: 0 files deleted, 0 files added, 0 files changed.
[0m15:30:26.825996 [debug] [MainThread]: Nothing changed, skipping partial parsing.
[0m15:30:26.826333 [debug] [MainThread]: Partial parsing enabled, no changes found, skipping parsing
[0m15:30:26.841590 [debug] [MainThread]: Sending event: {'category': 'dbt', 'action': 'load_project', 'label': '2499d746-7a96-4717-bc95-8199a60a996c', 'context': [<snowplow_tracker.self_describing_json.SelfDescribingJson object at 0x000001AC1759C850>]}
[0m15:30:26.981050 [debug] [MainThread]: Wrote artifact WritableManifest to C:\Users\X280\dbt_project\target\manifest.json
[0m15:30:26.985511 [debug] [MainThread]: Wrote artifact SemanticManifest to C:\Users\X280\dbt_project\target\semantic_manifest.json
[0m15:30:27.023591 [debug] [MainThread]: Wrote artifact OsiDocument to C:\Users\X280\dbt_project\target\osi_document.json
[0m15:30:27.093837 [debug] [MainThread]: Sending event: {'category': 'dbt', 'action': 'resource_counts', 'label': '2499d746-7a96-4717-bc95-8199a60a996c', 'context': [<snowplow_tracker.self_describing_json.SelfDescribingJson object at 0x000001AC177B7F20>]}
[0m15:30:27.094929 [info ] [MainThread]: Found 3 models, 773 macros
[0m15:30:27.096058 [debug] [MainThread]: Sending event: {'category': 'dbt', 'action': 'runnable_timing', 'label': '2499d746-7a96-4717-bc95-8199a60a996c', 'context': [<snowplow_tracker.self_describing_json.SelfDescribingJson object at 0x000001AC17B5B4D0>]}
[0m15:30:27.100460 [warn ] [MainThread]: [[33mWARNING[0m]: Nothing to do. Try checking your model configs and model specification args
[0m15:30:27.107357 [debug] [MainThread]: Command end result
[0m15:30:27.184091 [debug] [MainThread]: Wrote artifact WritableManifest to C:\Users\X280\dbt_project\target\manifest.json
[0m15:30:27.188360 [debug] [MainThread]: Wrote artifact SemanticManifest to C:\Users\X280\dbt_project\target\semantic_manifest.json
[0m15:30:27.193361 [debug] [MainThread]: Wrote artifact OsiDocument to C:\Users\X280\dbt_project\target\osi_document.json
[0m15:30:27.198684 [debug] [MainThread]: Wrote artifact RunExecutionResult to C:\Users\X280\dbt_project\target\run_results.json
[0m15:30:27.199876 [debug] [MainThread]: Command `dbt test` succeeded at 15:30:27.199722 after 4.15 seconds
[0m15:30:27.200348 [debug] [MainThread]: Sending event: {'category': 'dbt', 'action': 'invocation', 'label': 'end', 'context': [<snowplow_tracker.self_describing_json.SelfDescribingJson object at 0x000001AC028017E0>, <snowplow_tracker.self_describing_json.SelfDescribingJson object at 0x000001AC17AFA990>, <snowplow_tracker.self_describing_json.SelfDescribingJson object at 0x000001AC17AFAF90>]}
[0m15:30:27.200772 [debug] [MainThread]: Flushing usage events
[0m15:30:28.895539 [debug] [MainThread]: An error was encountered while trying to flush usage events
[0m15:31:11.451316 [debug] [MainThread]: Sending event: {'category': 'dbt', 'action': 'invocation', 'label': 'start', 'context': [<snowplow_tracker.self_describing_json.SelfDescribingJson object at 0x0000022DD2F4ABA0>, <snowplow_tracker.self_describing_json.SelfDescribingJson object at 0x0000022DD088CA50>, <snowplow_tracker.self_describing_json.SelfDescribingJson object at 0x0000022DD58A39D0>]}


============================== 15:31:11.461562 | 6369b3a7-8847-481b-954e-2aabae977feb ==============================
[0m15:31:11.461562 [info ] [MainThread]: Running with dbt=1.12.0
[0m15:31:11.463161 [debug] [MainThread]: running dbt with arguments {'version_check': 'True', 'no_print': 'None', 'static_parser': 'True', 'warn_error_options': 'WarnErrorOptionsV2(error=[], warn=[], silence=[])', 'target_path': 'None', 'maximum_seed_size_mib': '1', 'printer_width': '80', 'write_json': 'True', 'empty': 'None', 'log_cache_events': 'False', 'introspect': 'True', 'cache_selected_only': 'False', 'log_format': 'default', 'debug': 'False', 'fail_fast': 'False', 'profiles_dir': 'C:\\Users\\X280\\.dbt', 'send_anonymous_usage_stats': 'True', 'quiet': 'False', 'warn_error': 'None', 'partial_parse': 'True', 'use_colors': 'True', 'hints_enabled': 'True', 'indirect_selection': 'eager', 'use_experimental_parser': 'False', 'invocation_command': 'dbt docs generate', 'log_path': 'C:\\Users\\X280\\dbt_project\\logs'}
[0m15:31:13.238864 [debug] [MainThread]: Spark adapter: Setting pyhive.hive logging to ERROR
[0m15:31:13.239381 [debug] [MainThread]: Spark adapter: Setting thrift.transport logging to ERROR
[0m15:31:13.239754 [debug] [MainThread]: Spark adapter: Setting thrift.protocol logging to ERROR
[0m15:31:14.772181 [debug] [MainThread]: Sending event: {'category': 'dbt', 'action': 'project_id', 'label': '6369b3a7-8847-481b-954e-2aabae977feb', 'context': [<snowplow_tracker.self_describing_json.SelfDescribingJson object at 0x0000022DEA0B4510>]}
[0m15:31:14.855782 [debug] [MainThread]: Sending event: {'category': 'dbt', 'action': 'adapter_info', 'label': '6369b3a7-8847-481b-954e-2aabae977feb', 'context': [<snowplow_tracker.self_describing_json.SelfDescribingJson object at 0x0000022DD3B06E00>]}
[0m15:31:14.856707 [info ] [MainThread]: Registered adapter: databricks=1.12.4
[0m15:31:15.373267 [debug] [MainThread]: checksum: 3dc68700ad7a368beffc73dbf81da035a64fcd39467072f1285d90f066942faf, vars: {}, profile: my_databricks_project, target: dev, version: 1.12.0
[0m15:31:15.536008 [debug] [MainThread]: Partial parsing enabled: 0 files deleted, 0 files added, 0 files changed.
[0m15:31:15.536527 [debug] [MainThread]: Nothing changed, skipping partial parsing.
[0m15:31:15.536847 [debug] [MainThread]: Partial parsing enabled, no changes found, skipping parsing
[0m15:31:15.554831 [debug] [MainThread]: Sending event: {'category': 'dbt', 'action': 'load_project', 'label': '6369b3a7-8847-481b-954e-2aabae977feb', 'context': [<snowplow_tracker.self_describing_json.SelfDescribingJson object at 0x0000022DEA2EC850>]}
[0m15:31:15.708005 [debug] [MainThread]: Sending event: {'category': 'dbt', 'action': 'resource_counts', 'label': '6369b3a7-8847-481b-954e-2aabae977feb', 'context': [<snowplow_tracker.self_describing_json.SelfDescribingJson object at 0x0000022DEA67E300>]}
[0m15:31:15.708611 [info ] [MainThread]: Found 3 models, 773 macros
[0m15:31:15.709283 [debug] [MainThread]: Sending event: {'category': 'dbt', 'action': 'runnable_timing', 'label': '6369b3a7-8847-481b-954e-2aabae977feb', 'context': [<snowplow_tracker.self_describing_json.SelfDescribingJson object at 0x0000022DEA806EB0>]}
[0m15:31:15.711744 [info ] [MainThread]: 
[0m15:31:15.712329 [info ] [MainThread]: Concurrency: 4 threads (target='dev')
[0m15:31:15.712816 [info ] [MainThread]: 
[0m15:31:15.713605 [debug] [MainThread]: Databricks adapter: DatabricksDBTConnection(session-id=None, name=master) - Creating connection
[0m15:31:15.714026 [debug] [MainThread]: Acquiring new databricks connection 'master'
[0m15:31:15.723636 [debug] [ThreadPool]: Databricks adapter: DatabricksDBTConnection(session-id=None, name=list_workspace_1st_DBT_PROJECT) - Creating connection
[0m15:31:15.724242 [debug] [ThreadPool]: Acquiring new databricks connection 'list_workspace_1st_DBT_PROJECT'
[0m15:31:15.746491 [debug] [ThreadPool]: Using databricks connection "list_workspace_1st_DBT_PROJECT"
[0m15:31:15.747005 [debug] [ThreadPool]: On list_workspace_1st_DBT_PROJECT: /* {"app": "dbt", "dbt_version": "1.12.0", "dbt_databricks_version": "1.12.4", "databricks_sql_connector_version": "4.4.0", "profile_name": "my_databricks_project", "target_name": "dev", "invocation_id": "6369b3a7-8847-481b-954e-2aabae977feb", "connection_name": "list_workspace_1st_DBT_PROJECT"} */

    
SELECT
  table_name,
  if(table_type IN ('EXTERNAL', 'MANAGED', 'MANAGED_SHALLOW_CLONE', 'EXTERNAL_SHALLOW_CLONE'), 'table', lower(table_type)) AS table_type,
  lower(data_source_format) AS file_format,
  table_owner,
  if(
    table_type IN (
      'EXTERNAL',
      'MANAGED',
      'MANAGED_SHALLOW_CLONE',
      'EXTERNAL_SHALLOW_CLONE'
    ),
    lower(table_type),
    NULL
  ) AS databricks_table_type
FROM `system`.`information_schema`.`tables`
WHERE table_catalog = 'workspace'
  AND table_schema = '1st_dbt_project'

  
[0m15:31:15.747458 [debug] [ThreadPool]: Opening a new connection, currently in state init
[0m15:31:22.077564 [debug] [ThreadPool]: Databricks adapter: Connection(session-id=01f1a6b9-70f7-19ad-a308-52028f70f9f2) - Created
[0m15:31:23.195610 [debug] [ThreadPool]: SQL status: OK in 7.450 seconds
[0m15:31:23.229801 [debug] [ThreadPool]: Databricks adapter: Cursor(session-id=01f1a6b9-70f7-19ad-a308-52028f70f9f2, command-id=01f1a6b9-7213-1e99-b6b4-02613f33373e) - Closing
[0m15:31:23.233173 [debug] [ThreadPool]: On list_workspace_1st_DBT_PROJECT: Close
[0m15:31:23.234242 [debug] [ThreadPool]: Databricks adapter: Connection(session-id=01f1a6b9-70f7-19ad-a308-52028f70f9f2) - Closing
[0m15:31:23.612314 [debug] [MainThread]: Sending event: {'category': 'dbt', 'action': 'runnable_timing', 'label': '6369b3a7-8847-481b-954e-2aabae977feb', 'context': [<snowplow_tracker.self_describing_json.SelfDescribingJson object at 0x0000022DEA558390>]}
[0m15:31:23.618919 [debug] [Thread-2 (]: Began running node model.my_databricks_project.bronze_raw_dpt
[0m15:31:23.619946 [debug] [Thread-2 (]: Databricks adapter: DatabricksDBTConnection(session-id=None, name=model.my_databricks_project.bronze_raw_dpt) - Creating connection
[0m15:31:23.620549 [debug] [Thread-2 (]: Acquiring new databricks connection 'model.my_databricks_project.bronze_raw_dpt'
[0m15:31:23.621143 [debug] [Thread-2 (]: Began compiling node model.my_databricks_project.bronze_raw_dpt
[0m15:31:23.631376 [debug] [Thread-2 (]: Writing injected SQL for node "model.my_databricks_project.bronze_raw_dpt"
[0m15:31:23.632667 [debug] [Thread-2 (]: Began executing node model.my_databricks_project.bronze_raw_dpt
[0m15:31:23.633850 [debug] [Thread-2 (]: Finished running node model.my_databricks_project.bronze_raw_dpt
[0m15:31:23.634937 [debug] [Thread-3 (]: Began running node model.my_databricks_project.silver_cleaned_dpt
[0m15:31:23.635956 [debug] [Thread-3 (]: Databricks adapter: DatabricksDBTConnection(session-id=None, name=model.my_databricks_project.silver_cleaned_dpt) - Creating connection
[0m15:31:23.636473 [debug] [Thread-3 (]: Acquiring new databricks connection 'model.my_databricks_project.silver_cleaned_dpt'
[0m15:31:23.636968 [debug] [Thread-3 (]: Began compiling node model.my_databricks_project.silver_cleaned_dpt
[0m15:31:23.639386 [debug] [Thread-3 (]: Writing injected SQL for node "model.my_databricks_project.silver_cleaned_dpt"
[0m15:31:23.640444 [debug] [Thread-3 (]: Began executing node model.my_databricks_project.silver_cleaned_dpt
[0m15:31:23.641416 [debug] [Thread-3 (]: Finished running node model.my_databricks_project.silver_cleaned_dpt
[0m15:31:23.642223 [debug] [Thread-4 (]: Began running node model.my_databricks_project.gold_summary_dpt
[0m15:31:23.643081 [debug] [Thread-4 (]: Databricks adapter: DatabricksDBTConnection(session-id=None, name=model.my_databricks_project.gold_summary_dpt) - Creating connection
[0m15:31:23.643550 [debug] [Thread-4 (]: Acquiring new databricks connection 'model.my_databricks_project.gold_summary_dpt'
[0m15:31:23.643997 [debug] [Thread-4 (]: Began compiling node model.my_databricks_project.gold_summary_dpt
[0m15:31:23.646245 [debug] [Thread-4 (]: Writing injected SQL for node "model.my_databricks_project.gold_summary_dpt"
[0m15:31:23.647438 [debug] [Thread-4 (]: Began executing node model.my_databricks_project.gold_summary_dpt
[0m15:31:23.648395 [debug] [Thread-4 (]: Finished running node model.my_databricks_project.gold_summary_dpt
[0m15:31:23.651252 [debug] [MainThread]: Command end result
[0m15:31:23.759704 [debug] [MainThread]: Wrote artifact WritableManifest to C:\Users\X280\dbt_project\target\manifest.json
[0m15:31:23.763609 [debug] [MainThread]: Wrote artifact SemanticManifest to C:\Users\X280\dbt_project\target\semantic_manifest.json
[0m15:31:23.803112 [debug] [MainThread]: Wrote artifact OsiDocument to C:\Users\X280\dbt_project\target\osi_document.json
[0m15:31:23.813124 [debug] [MainThread]: Wrote artifact RunExecutionResult to C:\Users\X280\dbt_project\target\run_results.json
[0m15:31:24.417816 [debug] [MainThread]: Databricks adapter: DatabricksDBTConnection(session-id=None, name=generate_catalog) - Creating connection
[0m15:31:24.418938 [debug] [MainThread]: Acquiring new databricks connection 'generate_catalog'
[0m15:31:24.419610 [info ] [MainThread]: Building catalog
[0m15:31:24.423673 [debug] [ThreadPool]: Databricks adapter: DatabricksDBTConnection(session-id=None, name=('workspace', '1st_DBT_PROJECT')) - Creating connection
[0m15:31:24.424686 [debug] [ThreadPool]: Acquiring new databricks connection '('workspace', '1st_DBT_PROJECT')'
[0m15:31:24.435122 [debug] [ThreadPool]: Using databricks connection "('workspace', '1st_DBT_PROJECT')"
[0m15:31:24.436130 [debug] [ThreadPool]: On ('workspace', '1st_DBT_PROJECT'): /* {"app": "dbt", "dbt_version": "1.12.0", "dbt_databricks_version": "1.12.4", "databricks_sql_connector_version": "4.4.0", "profile_name": "my_databricks_project", "target_name": "dev", "invocation_id": "6369b3a7-8847-481b-954e-2aabae977feb", "connection_name": "('workspace', '1st_DBT_PROJECT')"} */

    
SELECT current_catalog()

  
[0m15:31:24.437000 [debug] [ThreadPool]: Opening a new connection, currently in state init
[0m15:31:25.929146 [debug] [ThreadPool]: Databricks adapter: Connection(session-id=01f1a6b9-7424-188d-a9b4-54be85ae0d06) - Created
[0m15:31:26.460816 [debug] [ThreadPool]: SQL status: OK in 2.020 seconds
[0m15:31:26.465906 [debug] [ThreadPool]: Databricks adapter: Cursor(session-id=01f1a6b9-7424-188d-a9b4-54be85ae0d06, command-id=01f1a6b9-7461-1204-808e-05444f714254) - Closing
[0m15:31:26.476335 [debug] [ThreadPool]: Using databricks connection "('workspace', '1st_DBT_PROJECT')"
[0m15:31:26.477025 [debug] [ThreadPool]: On ('workspace', '1st_DBT_PROJECT'): /* {"app": "dbt", "dbt_version": "1.12.0", "dbt_databricks_version": "1.12.4", "databricks_sql_connector_version": "4.4.0", "profile_name": "my_databricks_project", "target_name": "dev", "invocation_id": "6369b3a7-8847-481b-954e-2aabae977feb", "connection_name": "('workspace', '1st_DBT_PROJECT')"} */

    
SHOW TABLE EXTENDED IN `workspace`.`1st_dbt_project` LIKE 'bronze_raw_dpt|silver_cleaned_dpt|gold_summary_dpt'

  
[0m15:31:27.984939 [debug] [ThreadPool]: SQL status: OK in 1.510 seconds
[0m15:31:28.001504 [debug] [ThreadPool]: Databricks adapter: Cursor(session-id=01f1a6b9-7424-188d-a9b4-54be85ae0d06, command-id=01f1a6b9-74b4-1b7a-877b-6c466b9e3587) - Closing
[0m15:31:28.056776 [debug] [ThreadPool]: On ('workspace', '1st_DBT_PROJECT'): Close
[0m15:31:28.058473 [debug] [ThreadPool]: Databricks adapter: Connection(session-id=01f1a6b9-7424-188d-a9b4-54be85ae0d06) - Closing
[0m15:31:28.429929 [debug] [MainThread]: Wrote artifact CatalogArtifact to C:\Users\X280\dbt_project\target\catalog.json
[0m15:31:28.502350 [debug] [MainThread]: Wrote artifact WritableManifest to C:\Users\X280\dbt_project\target\manifest.json
[0m15:31:28.506442 [debug] [MainThread]: Wrote artifact SemanticManifest to C:\Users\X280\dbt_project\target\semantic_manifest.json
[0m15:31:28.511599 [debug] [MainThread]: Wrote artifact OsiDocument to C:\Users\X280\dbt_project\target\osi_document.json
[0m15:31:28.512320 [info ] [MainThread]: Catalog written to C:\Users\X280\dbt_project\target\catalog.json
[0m15:31:28.513879 [debug] [MainThread]: Command `dbt docs generate` succeeded at 15:31:28.513712 after 17.30 seconds
[0m15:31:28.514460 [debug] [MainThread]: Sending event: {'category': 'dbt', 'action': 'invocation', 'label': 'end', 'context': [<snowplow_tracker.self_describing_json.SelfDescribingJson object at 0x0000022DEA8EDD90>, <snowplow_tracker.self_describing_json.SelfDescribingJson object at 0x0000022DD27101B0>, <snowplow_tracker.self_describing_json.SelfDescribingJson object at 0x0000022DD0AE4C00>]}
[0m15:31:28.514896 [debug] [MainThread]: Flushing usage events
[0m15:31:30.220429 [debug] [MainThread]: An error was encountered while trying to flush usage events
[0m15:31:34.648870 [debug] [MainThread]: Sending event: {'category': 'dbt', 'action': 'invocation', 'label': 'start', 'context': [<snowplow_tracker.self_describing_json.SelfDescribingJson object at 0x0000014E55DAABA0>, <snowplow_tracker.self_describing_json.SelfDescribingJson object at 0x0000014E536FCA50>, <snowplow_tracker.self_describing_json.SelfDescribingJson object at 0x0000014E586AB9D0>]}


============================== 15:31:34.658240 | 22081147-ecd7-4eb8-ad34-cc3dc9d2ea60 ==============================
[0m15:31:34.658240 [info ] [MainThread]: Running with dbt=1.12.0
[0m15:31:34.659817 [debug] [MainThread]: running dbt with arguments {'maximum_seed_size_mib': '1', 'no_print': 'None', 'version_check': 'True', 'target_path': 'None', 'warn_error_options': 'WarnErrorOptionsV2(error=[], warn=[], silence=[])', 'static_parser': 'True', 'printer_width': '80', 'write_json': 'True', 'empty': 'None', 'log_cache_events': 'False', 'introspect': 'True', 'cache_selected_only': 'False', 'log_format': 'default', 'debug': 'False', 'fail_fast': 'False', 'partial_parse': 'True', 'send_anonymous_usage_stats': 'True', 'quiet': 'False', 'warn_error': 'None', 'profiles_dir': 'C:\\Users\\X280\\.dbt', 'use_colors': 'True', 'hints_enabled': 'True', 'invocation_command': 'dbt docs serve', 'use_experimental_parser': 'False', 'indirect_selection': 'eager', 'log_path': 'C:\\Users\\X280\\dbt_project\\logs'}
[0m15:31:36.259947 [debug] [MainThread]: Spark adapter: Setting pyhive.hive logging to ERROR
[0m15:31:36.260478 [debug] [MainThread]: Spark adapter: Setting thrift.transport logging to ERROR
[0m15:31:36.260856 [debug] [MainThread]: Spark adapter: Setting thrift.protocol logging to ERROR
[0m15:31:37.558457 [debug] [MainThread]: Sending event: {'category': 'dbt', 'action': 'project_id', 'label': '22081147-ecd7-4eb8-ad34-cc3dc9d2ea60', 'context': [<snowplow_tracker.self_describing_json.SelfDescribingJson object at 0x0000014E6CF9C510>]}
[0m15:31:37.642294 [debug] [MainThread]: Sending event: {'category': 'dbt', 'action': 'adapter_info', 'label': '22081147-ecd7-4eb8-ad34-cc3dc9d2ea60', 'context': [<snowplow_tracker.self_describing_json.SelfDescribingJson object at 0x0000014E56966E00>]}
[0m16:38:14.416825 [debug] [MainThread]: Sending event: {'category': 'dbt', 'action': 'invocation', 'label': 'start', 'context': [<snowplow_tracker.self_describing_json.SelfDescribingJson object at 0x000002C08F7BABA0>, <snowplow_tracker.self_describing_json.SelfDescribingJson object at 0x000002C08D10CA50>, <snowplow_tracker.self_describing_json.SelfDescribingJson object at 0x000002C09210F890>]}


============================== 16:38:14.434430 | 3b4fd6fb-1ead-462c-bdb1-9b6175961e70 ==============================
[0m16:38:14.434430 [info ] [MainThread]: Running with dbt=1.12.0
[0m16:38:14.435917 [debug] [MainThread]: running dbt with arguments {'maximum_seed_size_mib': '1', 'no_print': 'None', 'static_parser': 'True', 'target_path': 'None', 'warn_error_options': 'WarnErrorOptionsV2(error=[], warn=[], silence=[])', 'version_check': 'True', 'printer_width': '80', 'write_json': 'True', 'empty': 'False', 'log_cache_events': 'False', 'introspect': 'True', 'cache_selected_only': 'False', 'log_format': 'default', 'debug': 'False', 'fail_fast': 'False', 'profiles_dir': 'C:\\Users\\X280\\.dbt', 'send_anonymous_usage_stats': 'True', 'quiet': 'False', 'warn_error': 'None', 'partial_parse': 'True', 'indirect_selection': 'eager', 'hints_enabled': 'True', 'use_colors': 'True', 'use_experimental_parser': 'False', 'invocation_command': 'dbt run --full-refresh', 'log_path': 'C:\\Users\\X280\\dbt_project\\logs'}
[0m16:38:18.111838 [debug] [MainThread]: Spark adapter: Setting pyhive.hive logging to ERROR
[0m16:38:18.112713 [debug] [MainThread]: Spark adapter: Setting thrift.transport logging to ERROR
[0m16:38:18.113385 [debug] [MainThread]: Spark adapter: Setting thrift.protocol logging to ERROR
[0m16:38:23.106086 [debug] [MainThread]: Sending event: {'category': 'dbt', 'action': 'project_id', 'label': '3b4fd6fb-1ead-462c-bdb1-9b6175961e70', 'context': [<snowplow_tracker.self_describing_json.SelfDescribingJson object at 0x000002C0A691C3E0>]}
[0m16:38:23.196914 [debug] [MainThread]: Sending event: {'category': 'dbt', 'action': 'adapter_info', 'label': '3b4fd6fb-1ead-462c-bdb1-9b6175961e70', 'context': [<snowplow_tracker.self_describing_json.SelfDescribingJson object at 0x000002C090376E00>]}
[0m16:38:23.197770 [info ] [MainThread]: Registered adapter: databricks=1.12.4
[0m16:38:23.948839 [debug] [MainThread]: checksum: 3dc68700ad7a368beffc73dbf81da035a64fcd39467072f1285d90f066942faf, vars: {}, profile: my_databricks_project, target: dev, version: 1.12.0
[0m16:38:24.309054 [debug] [MainThread]: Partial parsing enabled: 0 files deleted, 0 files added, 1 files changed.
[0m16:38:24.309700 [debug] [MainThread]: Partial parsing: updated file: my_databricks_project://models\bronze\bronze_raw_dpt.sql
[0m16:38:24.743835 [debug] [MainThread]: Sending event: {'category': 'dbt', 'action': 'load_project', 'label': '3b4fd6fb-1ead-462c-bdb1-9b6175961e70', 'context': [<snowplow_tracker.self_describing_json.SelfDescribingJson object at 0x000002C0A7151750>]}
[0m16:38:24.856033 [debug] [MainThread]: Wrote artifact WritableManifest to C:\Users\X280\dbt_project\target\manifest.json
[0m16:38:24.863573 [debug] [MainThread]: Wrote artifact SemanticManifest to C:\Users\X280\dbt_project\target\semantic_manifest.json
[0m16:38:25.060069 [debug] [MainThread]: Wrote artifact OsiDocument to C:\Users\X280\dbt_project\target\osi_document.json
[0m16:38:25.141206 [debug] [MainThread]: Sending event: {'category': 'dbt', 'action': 'resource_counts', 'label': '3b4fd6fb-1ead-462c-bdb1-9b6175961e70', 'context': [<snowplow_tracker.self_describing_json.SelfDescribingJson object at 0x000002C0A728F980>]}
[0m16:38:25.142363 [info ] [MainThread]: Found 3 models, 773 macros
[0m16:38:25.143516 [debug] [MainThread]: Sending event: {'category': 'dbt', 'action': 'runnable_timing', 'label': '3b4fd6fb-1ead-462c-bdb1-9b6175961e70', 'context': [<snowplow_tracker.self_describing_json.SelfDescribingJson object at 0x000002C0A729F690>]}
[0m16:38:25.149395 [info ] [MainThread]: 
[0m16:38:25.150518 [info ] [MainThread]: Concurrency: 4 threads (target='dev')
[0m16:38:25.151371 [info ] [MainThread]: 
[0m16:38:25.152774 [debug] [MainThread]: Databricks adapter: DatabricksDBTConnection(session-id=None, name=master) - Creating connection
[0m16:38:25.153309 [debug] [MainThread]: Acquiring new databricks connection 'master'
[0m16:38:25.178082 [debug] [ThreadPool]: Databricks adapter: DatabricksDBTConnection(session-id=None, name=list_workspace) - Creating connection
[0m16:38:25.179303 [debug] [ThreadPool]: Acquiring new databricks connection 'list_workspace'
[0m16:38:25.215193 [debug] [ThreadPool]: Using databricks connection "list_workspace"
[0m16:38:25.216226 [debug] [ThreadPool]: On list_workspace: /* {"app": "dbt", "dbt_version": "1.12.0", "dbt_databricks_version": "1.12.4", "databricks_sql_connector_version": "4.4.0", "profile_name": "my_databricks_project", "target_name": "dev", "invocation_id": "3b4fd6fb-1ead-462c-bdb1-9b6175961e70", "connection_name": "list_workspace"} */

    

  SHOW SCHEMAS IN `workspace`


  
[0m16:38:25.217039 [debug] [ThreadPool]: Opening a new connection, currently in state init
[0m16:38:32.271980 [debug] [ThreadPool]: Databricks adapter: Connection(session-id=01f1a6c2-d31f-11c7-9415-d04f2f38575c) - Created
[0m16:38:33.145488 [debug] [ThreadPool]: SQL status: OK in 7.930 seconds
[0m16:38:33.276333 [debug] [ThreadPool]: Databricks adapter: Cursor(session-id=01f1a6c2-d31f-11c7-9415-d04f2f38575c, command-id=01f1a6c2-d438-14a0-b245-d7b2d6784f0e) - Closing
[0m16:38:33.277642 [debug] [ThreadPool]: On list_workspace: Close
[0m16:38:33.278510 [debug] [ThreadPool]: Databricks adapter: Connection(session-id=01f1a6c2-d31f-11c7-9415-d04f2f38575c) - Closing
[0m16:38:33.597876 [debug] [ThreadPool]: Databricks adapter: DatabricksDBTConnection(session-id=None, name=list_workspace_1st_DBT_PROJECT) - Creating connection
[0m16:38:33.598983 [debug] [ThreadPool]: Acquiring new databricks connection 'list_workspace_1st_DBT_PROJECT'
[0m16:38:33.610271 [debug] [ThreadPool]: Using databricks connection "list_workspace_1st_DBT_PROJECT"
[0m16:38:33.611356 [debug] [ThreadPool]: On list_workspace_1st_DBT_PROJECT: /* {"app": "dbt", "dbt_version": "1.12.0", "dbt_databricks_version": "1.12.4", "databricks_sql_connector_version": "4.4.0", "profile_name": "my_databricks_project", "target_name": "dev", "invocation_id": "3b4fd6fb-1ead-462c-bdb1-9b6175961e70", "connection_name": "list_workspace_1st_DBT_PROJECT"} */

    
SELECT
  table_name,
  if(table_type IN ('EXTERNAL', 'MANAGED', 'MANAGED_SHALLOW_CLONE', 'EXTERNAL_SHALLOW_CLONE'), 'table', lower(table_type)) AS table_type,
  lower(data_source_format) AS file_format,
  table_owner,
  if(
    table_type IN (
      'EXTERNAL',
      'MANAGED',
      'MANAGED_SHALLOW_CLONE',
      'EXTERNAL_SHALLOW_CLONE'
    ),
    lower(table_type),
    NULL
  ) AS databricks_table_type
FROM `system`.`information_schema`.`tables`
WHERE table_catalog = 'workspace'
  AND table_schema = '1st_dbt_project'

  
[0m16:38:33.612594 [debug] [ThreadPool]: Opening a new connection, currently in state init
[0m16:38:34.961668 [debug] [ThreadPool]: Databricks adapter: Connection(session-id=01f1a6c2-d598-1c79-9391-c99a7f0e79e2) - Created
[0m16:38:35.712634 [debug] [ThreadPool]: SQL status: OK in 2.100 seconds
[0m16:38:35.749749 [debug] [ThreadPool]: Databricks adapter: Cursor(session-id=01f1a6c2-d598-1c79-9391-c99a7f0e79e2, command-id=01f1a6c2-d5d0-1684-9a7a-d16f4bd07d1b) - Closing
[0m16:38:35.751674 [debug] [ThreadPool]: On list_workspace_1st_DBT_PROJECT: Close
[0m16:38:35.752523 [debug] [ThreadPool]: Databricks adapter: Connection(session-id=01f1a6c2-d598-1c79-9391-c99a7f0e79e2) - Closing
[0m16:38:36.128626 [debug] [MainThread]: Sending event: {'category': 'dbt', 'action': 'runnable_timing', 'label': '3b4fd6fb-1ead-462c-bdb1-9b6175961e70', 'context': [<snowplow_tracker.self_describing_json.SelfDescribingJson object at 0x000002C0A73306D0>]}
[0m16:38:36.152260 [debug] [Thread-3 (]: Began running node model.my_databricks_project.bronze_raw_dpt
[0m16:38:36.153646 [info ] [Thread-3 (]: 1 of 3 START sql table model 1st_dbt_project.bronze_raw_dpt .................... [RUN]
[0m16:38:36.158617 [debug] [Thread-3 (]: Databricks adapter: DatabricksDBTConnection(session-id=None, name=model.my_databricks_project.bronze_raw_dpt) - Creating connection
[0m16:38:36.159685 [debug] [Thread-3 (]: Acquiring new databricks connection 'model.my_databricks_project.bronze_raw_dpt'
[0m16:38:36.160655 [debug] [Thread-3 (]: Began compiling node model.my_databricks_project.bronze_raw_dpt
[0m16:38:36.175905 [debug] [Thread-3 (]: Writing injected SQL for node "model.my_databricks_project.bronze_raw_dpt"
[0m16:38:36.183022 [debug] [Thread-3 (]: Began executing node model.my_databricks_project.bronze_raw_dpt
[0m16:38:36.218059 [debug] [Thread-3 (]: MATERIALIZING TABLE
[0m16:38:36.231205 [debug] [Thread-3 (]: Applying DROP to: `workspace`.`1st_dbt_project`.`bronze_raw_dpt`
[0m16:38:36.238358 [debug] [Thread-3 (]: Using databricks connection "model.my_databricks_project.bronze_raw_dpt"
[0m16:38:36.239070 [debug] [Thread-3 (]: On model.my_databricks_project.bronze_raw_dpt: /* {"app": "dbt", "dbt_version": "1.12.0", "dbt_databricks_version": "1.12.4", "databricks_sql_connector_version": "4.4.0", "profile_name": "my_databricks_project", "target_name": "dev", "invocation_id": "3b4fd6fb-1ead-462c-bdb1-9b6175961e70", "node_id": "model.my_databricks_project.bronze_raw_dpt"} */
DROP VIEW IF EXISTS `workspace`.`1st_dbt_project`.`bronze_raw_dpt`
[0m16:38:36.239527 [debug] [Thread-3 (]: Opening a new connection, currently in state init
[0m16:38:37.608324 [debug] [Thread-3 (]: Databricks adapter: Connection(session-id=01f1a6c2-d730-1c9e-af96-31080e47780e) - Created
[0m16:38:38.647628 [debug] [Thread-3 (]: SQL status: OK in 2.410 seconds
[0m16:38:38.649937 [debug] [Thread-3 (]: Databricks adapter: Cursor(session-id=01f1a6c2-d730-1c9e-af96-31080e47780e, command-id=01f1a6c2-d765-1b75-bce8-9ac1b731e43b) - Closing
[0m16:38:38.710000 [debug] [Thread-3 (]: Using databricks connection "model.my_databricks_project.bronze_raw_dpt"
[0m16:38:38.710703 [debug] [Thread-3 (]: On model.my_databricks_project.bronze_raw_dpt: /* {"app": "dbt", "dbt_version": "1.12.0", "dbt_databricks_version": "1.12.4", "databricks_sql_connector_version": "4.4.0", "profile_name": "my_databricks_project", "target_name": "dev", "invocation_id": "3b4fd6fb-1ead-462c-bdb1-9b6175961e70", "node_id": "model.my_databricks_project.bronze_raw_dpt"} */
SELECT
    table_catalog,
    table_schema,
    table_name,
    filter_name,
    target_columns
  FROM `workspace`.`information_schema`.`row_filters`
  WHERE table_catalog = 'workspace'
    AND table_schema = '1st_dbt_project'
    AND table_name = 'bronze_raw_dpt'
[0m16:38:39.471879 [debug] [Thread-3 (]: SQL status: OK in 0.760 seconds
[0m16:38:39.479321 [debug] [Thread-3 (]: Databricks adapter: Cursor(session-id=01f1a6c2-d730-1c9e-af96-31080e47780e, command-id=01f1a6c2-d80e-10c4-819f-50294074eff7) - Closing
[0m16:38:39.513101 [debug] [Thread-3 (]: Writing runtime sql for node "model.my_databricks_project.bronze_raw_dpt"
[0m16:38:39.520388 [debug] [Thread-3 (]: Using databricks connection "model.my_databricks_project.bronze_raw_dpt"
[0m16:38:39.522186 [debug] [Thread-3 (]: On model.my_databricks_project.bronze_raw_dpt: /* {"app": "dbt", "dbt_version": "1.12.0", "dbt_databricks_version": "1.12.4", "databricks_sql_connector_version": "4.4.0", "profile_name": "my_databricks_project", "target_name": "dev", "invocation_id": "3b4fd6fb-1ead-462c-bdb1-9b6175961e70", "node_id": "model.my_databricks_project.bronze_raw_dpt"} */

  
    
        create or replace table `workspace`.`1st_dbt_project`.`bronze_raw_dpt`
      
      
    using delta
  
      
      
      
      
      
      
      
      
      as
      CREATE OR REPLACE TABLE workspace.1st_dbt_project.dbt_raw (
    id INT,
    customer_name STRING,
    created_at TIMESTAMP
);

INSERT INTO workspace.1st_dbt_project.dbt_raw VALUES
(1, 'raw_record_1', current_timestamp()),
(2, 'raw_record_2', current_timestamp()),
(3, 'raw_record_3', current_timestamp()),
(4, 'raw_record_4', current_timestamp()),
(5, 'raw_record_5', current_timestamp()),
(6, 'raw_record_6', current_timestamp()),
(7, 'raw_record_7', current_timestamp()),
(8, 'raw_record_8', current_timestamp()),
(9, 'raw_record_9', current_timestamp()),
(10, 'raw_record_10', current_timestamp()),
(11, 'raw_record_11', current_timestamp()),
(12, 'raw_record_12', current_timestamp()),
(13, 'raw_record_13', current_timestamp()),
(14, 'raw_record_14', current_timestamp()),
(15, 'raw_record_15', current_timestamp())
  
[0m16:38:40.338589 [debug] [Thread-3 (]: Databricks adapter: Exception while trying to execute query
/* {"app": "dbt", "dbt_version": "1.12.0", "dbt_databricks_version": "1.12.4", "databricks_sql_connector_version": "4.4.0", "profile_name": "my_databricks_project", "target_name": "dev", "invocation_id": "3b4fd6fb-1ead-462c-bdb1-9b6175961e70", "node_id": "model.my_databricks_project.bronze_raw_dpt"} */

  
    
        create or replace table `workspace`.`1st_dbt_project`.`bronze_raw_dpt`
      
      
    using delta
  
      
      
      
      
      
      
      
      
      as
      CREATE OR REPLACE TABLE workspace.1st_dbt_project.dbt_raw (
    id INT,
    customer_name STRING,
    created_at TIMESTAMP
);

INSERT INTO workspace.1st_dbt_project.dbt_raw VALUES
(1, 'raw_record_1', current_timestamp()),
(2, 'raw_record_2', current_timestamp()),
(3, 'raw_record_3', current_timestamp()),
(4, 'raw_record_4', current_timestamp()),
(5, 'raw_record_5', current_timestamp()),
(6, 'raw_record_6', current_timestamp()),
(7, 'raw_record_7', current_timestamp()),
(8, 'raw_record_8', current_timestamp()),
(9, 'raw_record_9', current_timestamp()),
(10, 'raw_record_10', current_timestamp()),
(11, 'raw_record_11', current_timestamp()),
(12, 'raw_record_12', current_timestamp()),
(13, 'raw_record_13', current_timestamp()),
(14, 'raw_record_14', current_timestamp()),
(15, 'raw_record_15', current_timestamp())
  
: 
[PARSE_SYNTAX_ERROR] Syntax error at or near 'CREATE'. SQLSTATE: 42601 (line 19, pos 6)

== SQL ==
/* {"app": "dbt", "dbt_version": "1.12.0", "dbt_databricks_version": "1.12.4", "databricks_sql_connector_version": "4.4.0", "profile_name": "my_databricks_project", "target_name": "dev", "invocation_id": "3b4fd6fb-1ead-462c-bdb1-9b6175961e70", "node_id": "model.my_databricks_project.bronze_raw_dpt"} */

  
    
        create or replace table `workspace`.`1st_dbt_project`.`bronze_raw_dpt`
      
      
    using delta
  
      
      
      
      
      
      
      
      
      as
      CREATE OR REPLACE TABLE workspace.1st_dbt_project.dbt_raw (
------^^^
    id INT,
    customer_name STRING,
    created_at TIMESTAMP
);

INSERT INTO workspace.1st_dbt_project.dbt_raw VALUES
(1, 'raw_record_1', current_timestamp()),
(2, 'raw_record_2', current_timestamp()),
(3, 'raw_record_3', current_timestamp()),
(4, 'raw_record_4', current_timestamp()),
(5, 'raw_record_5', current_timestamp()),
(6, 'raw_record_6', current_timestamp()),
(7, 'raw_record_7', current_timestamp()),
(8, 'raw_record_8', current_timestamp()),
(9, 'raw_record_9', current_timestamp()),
(10, 'raw_record_10', current_timestamp()),
(11, 'raw_record_11', current_timestamp()),
(12, 'raw_record_12', current_timestamp()),
(13, 'raw_record_13', current_timestamp()),
(14, 'raw_record_14', current_timestamp()),
(15, 'raw_record_15', current_timestamp())

Error properties: diagnostic-info=org.apache.hive.service.cli.HiveSQLException: Error running query: [PARSE_SYNTAX_ERROR] org.apache.spark.sql.catalyst.parser.ParseException: 
[PARSE_SYNTAX_ERROR] Syntax error at or near 'CREATE'. SQLSTATE: 42601 (line 19, pos 6)

== SQL ==
/* {"app": "dbt", "dbt_version": "1.12.0", "dbt_databricks_version": "1.12.4", "databricks_sql_connector_version": "4.4.0", "profile_name": "my_databricks_project", "target_name": "dev", "invocation_id": "3b4fd6fb-1ead-462c-bdb1-9b6175961e70", "node_id": "model.my_databricks_project.bronze_raw_dpt"} */

  
    
        create or replace table `workspace`.`1st_dbt_project`.`bronze_raw_dpt`
      
      
    using delta
  
      
      
      
      
      
      
      
      
      as
      CREATE OR REPLACE TABLE workspace.1st_dbt_project.dbt_raw (
------^^^
    id INT,
    customer_name STRING,
    created_at TIMESTAMP
);

INSERT INTO workspace.1st_dbt_project.dbt_raw VALUES
(1, 'raw_record_1', current_timestamp()),
(2, 'raw_record_2', current_timestamp()),
(3, 'raw_record_3', current_timestamp()),
(4, 'raw_record_4', current_timestamp()),
(5, 'raw_record_5', current_timestamp()),
(6, 'raw_record_6', current_timestamp()),
(7, 'raw_record_7', current_timestamp()),
(8, 'raw_record_8', current_timestamp()),
(9, 'raw_record_9', current_timestamp()),
(10, 'raw_record_10', current_timestamp()),
(11, 'raw_record_11', current_timestamp()),
(12, 'raw_record_12', current_timestamp()),
(13, 'raw_record_13', current_timestamp()),
(14, 'raw_record_14', current_timestamp()),
(15, 'raw_record_15', current_timestamp())

	at org.apache.spark.sql.hive.thriftserver.HiveThriftServerErrors$.runningQueryError(HiveThriftServerErrors.scala:58)
	at org.apache.spark.sql.hive.thriftserver.SparkExecuteStatementOperation.$anonfun$execute$1(SparkExecuteStatementOperation.scala:1235)
	at scala.runtime.java8.JFunction0$mcV$sp.apply(JFunction0$mcV$sp.scala:18)
	at com.databricks.unity.UCSEphemeralState$Handle.runWith(UCSEphemeralState.scala:51)
	at com.databricks.unity.HandleImpl.runWith(UCSHandle.scala:128)
	at org.apache.spark.sql.hive.thriftserver.SparkExecuteStatementOperation.org$apache$spark$sql$hive$thriftserver$SparkExecuteStatementOperation$$execute(SparkExecuteStatementOperation.scala:911)
	at org.apache.spark.sql.hive.thriftserver.SparkExecuteStatementOperation$$anon$2$$anon$3.$anonfun$run$6(SparkExecuteStatementOperation.scala:650)
	at scala.runtime.java8.JFunction0$mcV$sp.apply(JFunction0$mcV$sp.scala:18)
	at org.apache.spark.sql.execution.SQLExecution$.withRootExecution(SQLExecution.scala:1666)
	at org.apache.spark.sql.hive.thriftserver.SparkExecuteStatementOperation$$anon$2$$anon$3.$anonfun$run$3(SparkExecuteStatementOperation.scala:650)
	at scala.runtime.java8.JFunction0$mcV$sp.apply(JFunction0$mcV$sp.scala:18)
	at com.databricks.util.TracingSpanUtils$.withTracing(TracingSpanUtils.scala:251)
	at com.databricks.spark.util.DatabricksTracingHelper.withSpan(DatabricksSparkTracingHelper.scala:154)
	at com.databricks.spark.util.DBRTracing$.withSpan(DBRTracing.scala:87)
	at org.apache.spark.sql.hive.thriftserver.ThriftLocalProperties.$anonfun$withLocalProperties$18(ThriftLocalProperties.scala:366)
	at com.databricks.logging.AttributionContextTracing.$anonfun$withAttributionContext$1(AttributionContextTracing.scala:146)
	at com.databricks.logging.AttributionContext$.$anonfun$withValue$1(AttributionContext.scala:349)
	at scala.util.DynamicVariable.withValue(DynamicVariable.scala:59)
	at com.databricks.logging.AttributionContext$.withValue(AttributionContext.scala:345)
	at com.databricks.logging.AttributionContextTracing.withAttributionContext(AttributionContextTracing.scala:144)
	at com.databricks.logging.AttributionContextTracing.withAttributionContext$(AttributionContextTracing.scala:141)
	at com.databricks.spark.util.PublicDBLogging.withAttributionContext(DatabricksSparkUsageLogger.scala:29)
	at com.databricks.logging.AttributionContextTracing.withAttributionTags(AttributionContextTracing.scala:201)
	at com.databricks.logging.AttributionContextTracing.withAttributionTags$(AttributionContextTracing.scala:182)
	at com.databricks.spark.util.PublicDBLogging.withAttributionTags(DatabricksSparkUsageLogger.scala:29)
	at com.databricks.spark.util.PublicDBLogging.withAttributionTags0(DatabricksSparkUsageLogger.scala:108)
	at com.databricks.spark.util.DatabricksSparkUsageLogger.withAttributionTags(DatabricksSparkUsageLogger.scala:215)
	at com.databricks.spark.util.UsageLogging.$anonfun$withAttributionTags$1(UsageLogger.scala:668)
	at com.databricks.spark.util.UsageLogging$.withAttributionTags(UsageLogger.scala:780)
	at com.databricks.spark.util.UsageLogging$.withAttributionTags(UsageLogger.scala:789)
	at com.databricks.spark.util.UsageLogging.withAttributionTags(UsageLogger.scala:668)
	at com.databricks.spark.util.UsageLogging.withAttributionTags$(UsageLogger.scala:666)
	at org.apache.spark.sql.hive.thriftserver.SparkExecuteStatementOperation.withAttributionTags(SparkExecuteStatementOperation.scala:80)
	at org.apache.spark.sql.hive.thriftserver.ThriftLocalProperties.$anonfun$withLocalProperties$15(ThriftLocalProperties.scala:365)
	at com.databricks.spark.util.IdentityClaim$.withClaim(IdentityClaim.scala:48)
	at org.apache.spark.sql.hive.thriftserver.ThriftLocalProperties.withLocalProperties(ThriftLocalProperties.scala:360)
	at org.apache.spark.sql.hive.thriftserver.ThriftLocalProperties.withLocalProperties$(ThriftLocalProperties.scala:180)
	at org.apache.spark.sql.hive.thriftserver.SparkExecuteStatementOperation.withLocalProperties(SparkExecuteStatementOperation.scala:80)
	at org.apache.spark.sql.hive.thriftserver.SparkExecuteStatementOperation$$anon$2$$anon$3.$anonfun$run$2(SparkExecuteStatementOperation.scala:626)
	at scala.runtime.java8.JFunction0$mcV$sp.apply(JFunction0$mcV$sp.scala:18)
	at com.databricks.spark.util.DBRTracing$.withSpanFromParent(DBRTracing.scala:70)
	at org.apache.spark.sql.hive.thriftserver.SparkExecuteStatementOperation$$anon$2$$anon$3.run(SparkExecuteStatementOperation.scala:626)
	at org.apache.spark.sql.hive.thriftserver.SparkExecuteStatementOperation$$anon$2$$anon$3.run(SparkExecuteStatementOperation.scala:599)
	at java.base/java.security.AccessController.doPrivileged(AccessController.java:712)
	at java.base/javax.security.auth.Subject.doAs(Subject.java:439)
	at org.apache.hadoop.security.UserGroupInformation.doAs(UserGroupInformation.java:1953)
	at org.apache.spark.sql.hive.thriftserver.SparkExecuteStatementOperation$$anon$2.run(SparkExecuteStatementOperation.scala:664)
	at java.base/java.util.concurrent.Executors$RunnableAdapter.call(Executors.java:539)
	at java.base/java.util.concurrent.FutureTask.run(FutureTask.java:264)
	at java.base/java.util.concurrent.ThreadPoolExecutor.runWorker(ThreadPoolExecutor.java:1136)
	at java.base/java.util.concurrent.ThreadPoolExecutor$Worker.run(ThreadPoolExecutor.java:635)
	at java.base/java.lang.Thread.run(Thread.java:840)
Caused by: org.apache.spark.sql.catalyst.parser.ParseException: 
[PARSE_SYNTAX_ERROR] Syntax error at or near 'CREATE'. SQLSTATE: 42601 (line 19, pos 6)

== SQL ==
/* {"app": "dbt", "dbt_version": "1.12.0", "dbt_databricks_version": "1.12.4", "databricks_sql_connector_version": "4.4.0", "profile_name": "my_databricks_project", "target_name": "dev", "invocation_id": "3b4fd6fb-1ead-462c-bdb1-9b6175961e70", "node_id": "model.my_databricks_project.bronze_raw_dpt"} */

  
    
        create or replace table `workspace`.`1st_dbt_project`.`bronze_raw_dpt`
      
      
    using delta
  
      
      
      
      
      
      
      
      
      as
      CREATE OR REPLACE TABLE workspace.1st_dbt_project.dbt_raw (
------^^^
    id INT,
    customer_name STRING,
    created_at TIMESTAMP
);

INSERT INTO workspace.1st_dbt_project.dbt_raw VALUES
(1, 'raw_record_1', current_timestamp()),
(2, 'raw_record_2', current_timestamp()),
(3, 'raw_record_3', current_timestamp()),
(4, 'raw_record_4', current_timestamp()),
(5, 'raw_record_5', current_timestamp()),
(6, 'raw_record_6', current_timestamp()),
(7, 'raw_record_7', current_timestamp()),
(8, 'raw_record_8', current_timestamp()),
(9, 'raw_record_9', current_timestamp()),
(10, 'raw_record_10', current_timestamp()),
(11, 'raw_record_11', current_timestamp()),
(12, 'raw_record_12', current_timestamp()),
(13, 'raw_record_13', current_timestamp()),
(14, 'raw_record_14', current_timestamp()),
(15, 'raw_record_15', current_timestamp())

	at org.apache.spark.sql.catalyst.parser.ParseException.withCommand(parsers.scala:515)
	at org.apache.spark.sql.catalyst.parser.AbstractParser$.executeWithTwoStageStrategy(parsers.scala:329)
	at org.apache.spark.sql.catalyst.parser.SubstituteParamsParser.substitute(SubstituteParamsParser.scala:80)
	at org.apache.spark.sql.catalyst.parser.ParameterHandler$.performSubstitution(ParameterHandler.scala:83)
	at org.apache.spark.sql.catalyst.parser.ParameterHandler$.substituteParameters(ParameterHandler.scala:185)
	at org.apache.spark.sql.execution.SparkSqlParser.parseInternal(SparkSqlParser.scala:285)
	at org.apache.spark.sql.execution.SparkSqlParser.parseWithParameters(SparkSqlParser.scala:188)
	at org.apache.spark.sql.execution.SparkSqlParser.parsePlanWithParameters(SparkSqlParser.scala:202)
	at com.databricks.sql.QueryRuntimePredictionUtils$.$anonfun$getParsedPlanWithTracking$4(QueryRuntimePrediction.scala:492)
	at com.databricks.spark.util.FrameProfiler$.$anonfun$record$1(FrameProfiler.scala:114)
	at com.databricks.spark.util.FrameProfilerExporter$.maybeExportFrameProfiler(FrameProfilerExporter.scala:146)
	at com.databricks.spark.util.FrameProfiler$.record(FrameProfiler.scala:105)
	at org.apache.spark.sql.catalyst.QueryPlanningTracker.measurePhase(QueryPlanningTracker.scala:1040)
	at com.databricks.sql.QueryRuntimePredictionUtils$.$anonfun$getParsedPlanWithTracking$3(QueryRuntimePrediction.scala:457)
	at org.apache.spark.sql.catalyst.QueryPlanningTracker$.withTracker(QueryPlanningTracker.scala:275)
	at com.databricks.sql.QueryRuntimePredictionUtils$.$anonfun$getParsedPlanWithTracking$2(QueryRuntimePrediction.scala:457)
	at org.apache.spark.sql.execution.SQLExecution$.$anonfun$withExecutionPhase$1(SQLExecution.scala:362)
	at com.databricks.util.TracingSpanUtils$.withTracing(TracingSpanUtils.scala:251)
	at com.databricks.spark.util.DatabricksTracingHelper.withSpan(DatabricksSparkTracingHelper.scala:154)
	at com.databricks.spark.util.DBRTracing$.withSpan(DBRTracing.scala:87)
	at org.apache.spark.sql.execution.SQLExecution$.withExecutionPhase(SQLExecution.scala:343)
	at com.databricks.sql.QueryRuntimePredictionUtils$.$anonfun$getParsedPlanWithTracking$1(QueryRuntimePrediction.scala:456)
	at com.databricks.sql.util.MemoryTrackerHelper.withMemoryTracking(MemoryTrackerHelper.scala:111)
	at com.databricks.sql.QueryRuntimePredictionUtils$.getParsedPlanWithTracking(QueryRuntimePrediction.scala:452)
	at com.databricks.sql.QueryRuntimePrediction.$anonfun$getQueryExecutionWithParsedPlan$1(QueryRuntimePrediction.scala:894)
	at org.apache.spark.sql.SparkSession.withActive(SparkSession.scala:866)
	at com.databricks.sql.QueryRuntimePrediction.getQueryExecutionWithParsedPlan(QueryRuntimePrediction.scala:885)
	at com.databricks.sql.QueryRuntimePrediction.getRuntimeCategory(QueryRuntimePrediction.scala:609)
	at com.databricks.sql.ClusterLoadMonitor.$anonfun$getRuntimeCategory$3(ClusterLoadMonitor.scala:1230)
	at com.databricks.unity.UCSEphemeralState$Handle.runWith(UCSEphemeralState.scala:51)
	at com.databricks.unity.HandleImpl.runWith(UCSHandle.scala:128)
	at com.databricks.unity.HandleImpl.$anonfun$runWithAndClose$1(UCSHandle.scala:133)
	at scala.util.Using$.resource(Using.scala:296)
	at com.databricks.unity.HandleImpl.runWithAndClose(UCSHandle.scala:132)
	at com.databricks.sql.ClusterLoadMonitor.$anonfun$getRuntimeCategory$2(ClusterLoadMonitor.scala:1225)
	at java.base/java.util.concurrent.CompletableFuture$AsyncSupply.run(CompletableFuture.java:1768)
	at org.apache.spark.util.threads.SparkThreadLocalCapturingRunnable.$anonfun$run$1(SparkThreadLocalForwardingThreadPoolExecutor.scala:171)
	at scala.runtime.java8.JFunction0$mcV$sp.apply(JFunction0$mcV$sp.scala:18)
	at com.databricks.spark.util.DBRTracing$.withSpanFromParent(DBRTracing.scala:70)
	at org.apache.spark.util.threads.SparkThreadLocalCapturingHelper.$anonfun$runWithCaptured$7(SparkThreadLocalForwardingThreadPoolExecutor.scala:124)
	at com.databricks.util.LexicalThreadLocal$Handle.runWith(LexicalThreadLocal.scala:63)
	at org.apache.spark.util.threads.SparkThreadLocalCapturingHelper.$anonfun$runWithCaptured$6(SparkThreadLocalForwardingThreadPoolExecutor.scala:123)
	at com.databricks.sql.transaction.tahoe.mst.MSTThreadHelper$.runWithMSTContext(MSTThreadHelper.scala:77)
	at org.apache.spark.util.threads.SparkThreadLocalCapturingHelper.$anonfun$runWithCaptured$5(SparkThreadLocalForwardingThreadPoolExecutor.scala:120)
	at com.databricks.spark.util.IdentityClaim$.withClaim(IdentityClaim.scala:48)
	at org.apache.spark.util.threads.SparkThreadLocalCapturingHelper.$anonfun$runWithCaptured$4(SparkThreadLocalForwardingThreadPoolExecutor.scala:119)
	at com.databricks.unity.UCSEphemeralState$Handle.runWith(UCSEphemeralState.scala:51)
	at org.apache.spark.util.threads.SparkThreadLocalCapturingHelper.runWithCaptured(SparkThreadLocalForwardingThreadPoolExecutor.scala:118)
	at org.apache.spark.util.threads.SparkThreadLocalCapturingHelper.runWithCaptured$(SparkThreadLocalForwardingThreadPoolExecutor.scala:95)
	at org.apache.spark.util.threads.SparkThreadLocalCapturingRunnable.runWithCaptured(SparkThreadLocalForwardingThreadPoolExecutor.scala:168)
	at org.apache.spark.util.threads.SparkThreadLocalCapturingRunnable.run(SparkThreadLocalForwardingThreadPoolExecutor.scala:171)
	... 3 more
, operation-id=01f1a6c2-d892-1f7e-a4c1-857245da3256
[0m16:38:40.341638 [debug] [Thread-3 (]: On model.my_databricks_project.bronze_raw_dpt: Close
[0m16:38:40.342664 [debug] [Thread-3 (]: Databricks adapter: Connection(session-id=01f1a6c2-d730-1c9e-af96-31080e47780e) - Closing
[0m16:38:42.083779 [debug] [Thread-3 (]: Database Error in model bronze_raw_dpt (models\bronze\bronze_raw_dpt.sql)
  
  [PARSE_SYNTAX_ERROR] Syntax error at or near 'CREATE'. SQLSTATE: 42601 (line 19, pos 6)
  
  == SQL ==
  /* {"app": "dbt", "dbt_version": "1.12.0", "dbt_databricks_version": "1.12.4", "databricks_sql_connector_version": "4.4.0", "profile_name": "my_databricks_project", "target_name": "dev", "invocation_id": "3b4fd6fb-1ead-462c-bdb1-9b6175961e70", "node_id": "model.my_databricks_project.bronze_raw_dpt"} */
  
    
      
          create or replace table `workspace`.`1st_dbt_project`.`bronze_raw_dpt`
        
        
      using delta
    
        
        
        
        
        
        
        
        
        as
        CREATE OR REPLACE TABLE workspace.1st_dbt_project.dbt_raw (
  ------^^^
      id INT,
      customer_name STRING,
      created_at TIMESTAMP
  );
  
  INSERT INTO workspace.1st_dbt_project.dbt_raw VALUES
  (1, 'raw_record_1', current_timestamp()),
  (2, 'raw_record_2', current_timestamp()),
  (3, 'raw_record_3', current_timestamp()),
  (4, 'raw_record_4', current_timestamp()),
  (5, 'raw_record_5', current_timestamp()),
  (6, 'raw_record_6', current_timestamp()),
  (7, 'raw_record_7', current_timestamp()),
  (8, 'raw_record_8', current_timestamp()),
  (9, 'raw_record_9', current_timestamp()),
  (10, 'raw_record_10', current_timestamp()),
  (11, 'raw_record_11', current_timestamp()),
  (12, 'raw_record_12', current_timestamp()),
  (13, 'raw_record_13', current_timestamp()),
  (14, 'raw_record_14', current_timestamp()),
  (15, 'raw_record_15', current_timestamp())
  
  compiled code at target\run\my_databricks_project\models\bronze\bronze_raw_dpt.sql
[0m16:38:42.094986 [debug] [Thread-3 (]: Sending event: {'category': 'dbt', 'action': 'run_model', 'label': '3b4fd6fb-1ead-462c-bdb1-9b6175961e70', 'context': [<snowplow_tracker.self_describing_json.SelfDescribingJson object at 0x000002C0A7296C90>]}
[0m16:38:42.096681 [error] [Thread-3 (]: 1 of 3 ERROR creating sql table model 1st_dbt_project.bronze_raw_dpt ........... [[31mERROR[0m in 5.93s]
[0m16:38:42.098763 [debug] [Thread-3 (]: Finished running node model.my_databricks_project.bronze_raw_dpt
[0m16:38:42.100467 [debug] [Thread-9 (]: Marking all children of 'model.my_databricks_project.bronze_raw_dpt' to be skipped because of status 'error'.  Reason: Database Error in model bronze_raw_dpt (models\bronze\bronze_raw_dpt.sql)
  
  [PARSE_SYNTAX_ERROR] Syntax error at or near 'CREATE'. SQLSTATE: 42601 (line 19, pos 6)
  
  == SQL ==
  /* {"app": "dbt", "dbt_version": "1.12.0", "dbt_databricks_version": "1.12.4", "databricks_sql_connector_version": "4.4.0", "profile_name": "my_databricks_project", "target_name": "dev", "invocation_id": "3b4fd6fb-1ead-462c-bdb1-9b6175961e70", "node_id": "model.my_databricks_project.bronze_raw_dpt"} */
  
    
      
          create or replace table `workspace`.`1st_dbt_project`.`bronze_raw_dpt`
        
        
      using delta
    
        
        
        
        
        
        
        
        
        as
        CREATE OR REPLACE TABLE workspace.1st_dbt_project.dbt_raw (
  ------^^^
      id INT,
      customer_name STRING,
      created_at TIMESTAMP
  );
  
  INSERT INTO workspace.1st_dbt_project.dbt_raw VALUES
  (1, 'raw_record_1', current_timestamp()),
  (2, 'raw_record_2', current_timestamp()),
  (3, 'raw_record_3', current_timestamp()),
  (4, 'raw_record_4', current_timestamp()),
  (5, 'raw_record_5', current_timestamp()),
  (6, 'raw_record_6', current_timestamp()),
  (7, 'raw_record_7', current_timestamp()),
  (8, 'raw_record_8', current_timestamp()),
  (9, 'raw_record_9', current_timestamp()),
  (10, 'raw_record_10', current_timestamp()),
  (11, 'raw_record_11', current_timestamp()),
  (12, 'raw_record_12', current_timestamp()),
  (13, 'raw_record_13', current_timestamp()),
  (14, 'raw_record_14', current_timestamp()),
  (15, 'raw_record_15', current_timestamp())
  
  compiled code at target\run\my_databricks_project\models\bronze\bronze_raw_dpt.sql.
[0m16:38:42.103996 [debug] [Thread-4 (]: Began running node model.my_databricks_project.silver_cleaned_dpt
[0m16:38:42.104927 [info ] [Thread-4 (]: 2 of 3 SKIP relation 1st_DBT_PROJECT.silver_cleaned_dpt ........................ [[33mSKIP[0m]
[0m16:38:42.106495 [debug] [Thread-4 (]: Finished running node model.my_databricks_project.silver_cleaned_dpt
[0m16:38:42.112621 [debug] [Thread-5 (]: Began running node model.my_databricks_project.gold_summary_dpt
[0m16:38:42.114035 [info ] [Thread-5 (]: 3 of 3 SKIP relation 1st_DBT_PROJECT.gold_summary_dpt .......................... [[33mSKIP[0m]
[0m16:38:42.115415 [debug] [Thread-5 (]: Finished running node model.my_databricks_project.gold_summary_dpt
[0m16:38:42.117444 [debug] [MainThread]: Databricks adapter: DatabricksDBTConnection(session-id=None, name=master) - Creating connection
[0m16:38:42.117954 [debug] [MainThread]: Acquiring new databricks connection 'master'
[0m16:38:42.121774 [info ] [MainThread]: 
[0m16:38:42.123093 [info ] [MainThread]: Finished running 3 table models in 0 hours 0 minutes and 16.97 seconds (16.97s).
[0m16:38:42.125311 [debug] [MainThread]: Command end result
[0m16:38:42.200050 [debug] [MainThread]: Wrote artifact WritableManifest to C:\Users\X280\dbt_project\target\manifest.json
[0m16:38:42.204683 [debug] [MainThread]: Wrote artifact SemanticManifest to C:\Users\X280\dbt_project\target\semantic_manifest.json
[0m16:38:42.209031 [debug] [MainThread]: Wrote artifact OsiDocument to C:\Users\X280\dbt_project\target\osi_document.json
[0m16:38:42.221576 [debug] [MainThread]: Wrote artifact RunExecutionResult to C:\Users\X280\dbt_project\target\run_results.json
[0m16:38:42.222099 [info ] [MainThread]: 
[0m16:38:42.222716 [info ] [MainThread]: [31mCompleted with 1 error, 0 partial successes, and 0 warnings:[0m
[0m16:38:42.223297 [info ] [MainThread]: 
[0m16:38:42.224068 [error] [MainThread]: [[31mERROR[0m]: in model bronze_raw_dpt (models\bronze\bronze_raw_dpt.sql)
[0m16:38:42.224821 [error] [MainThread]:   Database Error in model bronze_raw_dpt (models\bronze\bronze_raw_dpt.sql)
  
  [PARSE_SYNTAX_ERROR] Syntax error at or near 'CREATE'. SQLSTATE: 42601 (line 19, pos 6)
  
  == SQL ==
  /* {"app": "dbt", "dbt_version": "1.12.0", "dbt_databricks_version": "1.12.4", "databricks_sql_connector_version": "4.4.0", "profile_name": "my_databricks_project", "target_name": "dev", "invocation_id": "3b4fd6fb-1ead-462c-bdb1-9b6175961e70", "node_id": "model.my_databricks_project.bronze_raw_dpt"} */
  
    
      
          create or replace table `workspace`.`1st_dbt_project`.`bronze_raw_dpt`
        
        
      using delta
    
        
        
        
        
        
        
        
        
        as
        CREATE OR REPLACE TABLE workspace.1st_dbt_project.dbt_raw (
  ------^^^
      id INT,
      customer_name STRING,
      created_at TIMESTAMP
  );
  
  INSERT INTO workspace.1st_dbt_project.dbt_raw VALUES
  (1, 'raw_record_1', current_timestamp()),
  (2, 'raw_record_2', current_timestamp()),
  (3, 'raw_record_3', current_timestamp()),
  (4, 'raw_record_4', current_timestamp()),
  (5, 'raw_record_5', current_timestamp()),
  (6, 'raw_record_6', current_timestamp()),
  (7, 'raw_record_7', current_timestamp()),
  (8, 'raw_record_8', current_timestamp()),
  (9, 'raw_record_9', current_timestamp()),
  (10, 'raw_record_10', current_timestamp()),
  (11, 'raw_record_11', current_timestamp()),
  (12, 'raw_record_12', current_timestamp()),
  (13, 'raw_record_13', current_timestamp()),
  (14, 'raw_record_14', current_timestamp()),
  (15, 'raw_record_15', current_timestamp())
  
  compiled code at target\run\my_databricks_project\models\bronze\bronze_raw_dpt.sql
[0m16:38:42.225553 [info ] [MainThread]: 
[0m16:38:42.226155 [info ] [MainThread]:   compiled code at target\compiled\my_databricks_project\models\bronze\bronze_raw_dpt.sql
[0m16:38:42.226664 [info ] [MainThread]: 
[0m16:38:42.227221 [info ] [MainThread]: Done. PASS=0 WARN=0 ERROR=1 SKIP=2 NO-OP=0 REUSED=0 TOTAL=3
[0m16:38:42.228595 [debug] [MainThread]: Command `dbt run` failed at 16:38:42.228405 after 28.13 seconds
[0m16:38:42.229219 [debug] [MainThread]: Sending event: {'category': 'dbt', 'action': 'invocation', 'label': 'end', 'context': [<snowplow_tracker.self_describing_json.SelfDescribingJson object at 0x000002C0A73B7B70>, <snowplow_tracker.self_describing_json.SelfDescribingJson object at 0x000002C0A725BE30>, <snowplow_tracker.self_describing_json.SelfDescribingJson object at 0x000002C0A72F6CB0>]}
[0m16:38:42.229743 [debug] [MainThread]: Flushing usage events
[0m16:38:44.300360 [debug] [MainThread]: An error was encountered while trying to flush usage events
[0m16:47:18.048054 [debug] [MainThread]: Sending event: {'category': 'dbt', 'action': 'invocation', 'label': 'start', 'context': [<snowplow_tracker.self_describing_json.SelfDescribingJson object at 0x0000019CD6E9ABA0>, <snowplow_tracker.self_describing_json.SelfDescribingJson object at 0x0000019CD47ECA50>, <snowplow_tracker.self_describing_json.SelfDescribingJson object at 0x0000019CD97EF890>]}


============================== 16:47:18.059926 | 34a89e77-5ec2-4bd1-8011-b5ae57f09eaa ==============================
[0m16:47:18.059926 [info ] [MainThread]: Running with dbt=1.12.0
[0m16:47:18.061652 [debug] [MainThread]: running dbt with arguments {'static_parser': 'True', 'no_print': 'None', 'version_check': 'True', 'warn_error_options': 'WarnErrorOptionsV2(error=[], warn=[], silence=[])', 'target_path': 'None', 'maximum_seed_size_mib': '1', 'printer_width': '80', 'write_json': 'True', 'introspect': 'True', 'log_cache_events': 'False', 'empty': 'False', 'cache_selected_only': 'False', 'fail_fast': 'False', 'debug': 'False', 'log_format': 'default', 'profiles_dir': 'C:\\Users\\X280\\.dbt', 'send_anonymous_usage_stats': 'True', 'quiet': 'False', 'warn_error': 'None', 'partial_parse': 'True', 'use_colors': 'True', 'hints_enabled': 'True', 'invocation_command': 'dbt run --select bronze_raw_dpt', 'use_experimental_parser': 'False', 'indirect_selection': 'eager', 'log_path': 'C:\\Users\\X280\\dbt_project\\logs'}
[0m16:47:21.954083 [debug] [MainThread]: Spark adapter: Setting pyhive.hive logging to ERROR
[0m16:47:21.955252 [debug] [MainThread]: Spark adapter: Setting thrift.transport logging to ERROR
[0m16:47:21.956339 [debug] [MainThread]: Spark adapter: Setting thrift.protocol logging to ERROR
[0m16:47:27.045444 [debug] [MainThread]: Sending event: {'category': 'dbt', 'action': 'project_id', 'label': '34a89e77-5ec2-4bd1-8011-b5ae57f09eaa', 'context': [<snowplow_tracker.self_describing_json.SelfDescribingJson object at 0x0000019CEE03C3E0>]}
[0m16:47:27.269913 [debug] [MainThread]: Sending event: {'category': 'dbt', 'action': 'adapter_info', 'label': '34a89e77-5ec2-4bd1-8011-b5ae57f09eaa', 'context': [<snowplow_tracker.self_describing_json.SelfDescribingJson object at 0x0000019CD7A56E00>]}
[0m16:47:27.271816 [info ] [MainThread]: Registered adapter: databricks=1.12.4
[0m16:47:27.979546 [debug] [MainThread]: checksum: 3dc68700ad7a368beffc73dbf81da035a64fcd39467072f1285d90f066942faf, vars: {}, profile: my_databricks_project, target: dev, version: 1.12.0
[0m16:47:28.676591 [debug] [MainThread]: Partial parsing enabled: 0 files deleted, 0 files added, 0 files changed.
[0m16:47:28.677481 [debug] [MainThread]: Nothing changed, skipping partial parsing.
[0m16:47:28.678192 [debug] [MainThread]: Partial parsing enabled, no changes found, skipping parsing
[0m16:47:28.714246 [debug] [MainThread]: Sending event: {'category': 'dbt', 'action': 'load_project', 'label': '34a89e77-5ec2-4bd1-8011-b5ae57f09eaa', 'context': [<snowplow_tracker.self_describing_json.SelfDescribingJson object at 0x0000019CEE26C850>]}
[0m16:47:28.911351 [debug] [MainThread]: Wrote artifact WritableManifest to C:\Users\X280\dbt_project\target\manifest.json
[0m16:47:28.924830 [debug] [MainThread]: Wrote artifact SemanticManifest to C:\Users\X280\dbt_project\target\semantic_manifest.json
[0m16:47:29.192007 [debug] [MainThread]: Wrote artifact OsiDocument to C:\Users\X280\dbt_project\target\osi_document.json
[0m16:47:29.273444 [debug] [MainThread]: Sending event: {'category': 'dbt', 'action': 'resource_counts', 'label': '34a89e77-5ec2-4bd1-8011-b5ae57f09eaa', 'context': [<snowplow_tracker.self_describing_json.SelfDescribingJson object at 0x0000019CEE519F40>]}
[0m16:47:29.274840 [info ] [MainThread]: Found 3 models, 773 macros
[0m16:47:29.276005 [debug] [MainThread]: Sending event: {'category': 'dbt', 'action': 'runnable_timing', 'label': '34a89e77-5ec2-4bd1-8011-b5ae57f09eaa', 'context': [<snowplow_tracker.self_describing_json.SelfDescribingJson object at 0x0000019CEE4FA970>]}
[0m16:47:29.282760 [info ] [MainThread]: 
[0m16:47:29.284150 [info ] [MainThread]: Concurrency: 4 threads (target='dev')
[0m16:47:29.286010 [info ] [MainThread]: 
[0m16:47:29.287781 [debug] [MainThread]: Databricks adapter: DatabricksDBTConnection(session-id=None, name=master) - Creating connection
[0m16:47:29.288455 [debug] [MainThread]: Acquiring new databricks connection 'master'
[0m16:47:29.290267 [debug] [ThreadPool]: Databricks adapter: DatabricksDBTConnection(session-id=None, name=list_workspace) - Creating connection
[0m16:47:29.290898 [debug] [ThreadPool]: Acquiring new databricks connection 'list_workspace'
[0m16:47:29.326132 [debug] [ThreadPool]: Using databricks connection "list_workspace"
[0m16:47:29.327236 [debug] [ThreadPool]: On list_workspace: /* {"app": "dbt", "dbt_version": "1.12.0", "dbt_databricks_version": "1.12.4", "databricks_sql_connector_version": "4.4.0", "profile_name": "my_databricks_project", "target_name": "dev", "invocation_id": "34a89e77-5ec2-4bd1-8011-b5ae57f09eaa", "connection_name": "list_workspace"} */

    

  SHOW SCHEMAS IN `workspace`


  
[0m16:47:29.328217 [debug] [ThreadPool]: Opening a new connection, currently in state init
[0m16:47:31.185826 [info ] [ThreadPool]: Databricks adapter: SPOG discovery probe to 'https://dbc-bb1026f7-bfc4.cloud.databricks.com/.well-known/databricks-config' failed after 3 attempts (last error: HTTPSConnectionPool(host='dbc-bb1026f7-bfc4.cloud.databricks.com', port=443): Max retries exceeded with url: /.well-known/databricks-config (Caused by NameResolutionError("HTTPSConnection(host='dbc-bb1026f7-bfc4.cloud.databricks.com', port=443): Failed to resolve 'dbc-bb1026f7-bfc4.cloud.databricks.com' ([Errno 11001] getaddrinfo failed)"))). Proceeding as a non-SPOG host. If dbc-bb1026f7-bfc4.cloud.databricks.com is a SPOG (unified) workspace, routing errors may follow; verify network reachability to /.well-known/databricks-config.
[0m16:47:53.468034 [debug] [ThreadPool]: Databricks adapter: Connection(session-id=01f1a6c4-21c7-1bbc-a0a7-6fbec0cc3aa4) - Created
[0m16:47:54.069465 [debug] [ThreadPool]: SQL status: OK in 24.740 seconds
[0m16:47:54.252461 [debug] [ThreadPool]: Databricks adapter: Cursor(session-id=01f1a6c4-21c7-1bbc-a0a7-6fbec0cc3aa4, command-id=01f1a6c4-22b8-1edc-ba3b-325b8505fd75) - Closing
[0m16:47:54.254939 [debug] [ThreadPool]: On list_workspace: Close
[0m16:47:54.256610 [debug] [ThreadPool]: Databricks adapter: Connection(session-id=01f1a6c4-21c7-1bbc-a0a7-6fbec0cc3aa4) - Closing
[0m16:47:54.657549 [debug] [ThreadPool]: Databricks adapter: DatabricksDBTConnection(session-id=None, name=list_workspace_1st_DBT_PROJECT) - Creating connection
[0m16:47:54.658598 [debug] [ThreadPool]: Acquiring new databricks connection 'list_workspace_1st_DBT_PROJECT'
[0m16:47:54.669415 [debug] [ThreadPool]: Using databricks connection "list_workspace_1st_DBT_PROJECT"
[0m16:47:54.670394 [debug] [ThreadPool]: On list_workspace_1st_DBT_PROJECT: /* {"app": "dbt", "dbt_version": "1.12.0", "dbt_databricks_version": "1.12.4", "databricks_sql_connector_version": "4.4.0", "profile_name": "my_databricks_project", "target_name": "dev", "invocation_id": "34a89e77-5ec2-4bd1-8011-b5ae57f09eaa", "connection_name": "list_workspace_1st_DBT_PROJECT"} */

    
SELECT
  table_name,
  if(table_type IN ('EXTERNAL', 'MANAGED', 'MANAGED_SHALLOW_CLONE', 'EXTERNAL_SHALLOW_CLONE'), 'table', lower(table_type)) AS table_type,
  lower(data_source_format) AS file_format,
  table_owner,
  if(
    table_type IN (
      'EXTERNAL',
      'MANAGED',
      'MANAGED_SHALLOW_CLONE',
      'EXTERNAL_SHALLOW_CLONE'
    ),
    lower(table_type),
    NULL
  ) AS databricks_table_type
FROM `system`.`information_schema`.`tables`
WHERE table_catalog = 'workspace'
  AND table_schema = '1st_dbt_project'

  
[0m16:47:54.671250 [debug] [ThreadPool]: Opening a new connection, currently in state init
[0m16:47:55.933737 [debug] [ThreadPool]: Databricks adapter: Connection(session-id=01f1a6c4-23f5-16c6-a8ad-69d4c4ee795a) - Created
[0m16:47:56.572290 [debug] [ThreadPool]: SQL status: OK in 1.900 seconds
[0m16:47:56.604804 [debug] [ThreadPool]: Databricks adapter: Cursor(session-id=01f1a6c4-23f5-16c6-a8ad-69d4c4ee795a, command-id=01f1a6c4-2430-1240-b92e-752976ab3b92) - Closing
[0m16:47:56.606625 [debug] [ThreadPool]: On list_workspace_1st_DBT_PROJECT: Close
[0m16:47:56.607711 [debug] [ThreadPool]: Databricks adapter: Connection(session-id=01f1a6c4-23f5-16c6-a8ad-69d4c4ee795a) - Closing
[0m16:47:56.924833 [debug] [MainThread]: Sending event: {'category': 'dbt', 'action': 'runnable_timing', 'label': '34a89e77-5ec2-4bd1-8011-b5ae57f09eaa', 'context': [<snowplow_tracker.self_describing_json.SelfDescribingJson object at 0x0000019CEE4EEEA0>]}
[0m16:47:56.955769 [debug] [Thread-3 (]: Began running node model.my_databricks_project.bronze_raw_dpt
[0m16:47:56.957414 [info ] [Thread-3 (]: 1 of 1 START sql table model 1st_dbt_project.bronze_raw_dpt .................... [RUN]
[0m16:47:56.959402 [debug] [Thread-3 (]: Databricks adapter: DatabricksDBTConnection(session-id=None, name=model.my_databricks_project.bronze_raw_dpt) - Creating connection
[0m16:47:56.960522 [debug] [Thread-3 (]: Acquiring new databricks connection 'model.my_databricks_project.bronze_raw_dpt'
[0m16:47:56.961577 [debug] [Thread-3 (]: Began compiling node model.my_databricks_project.bronze_raw_dpt
[0m16:47:56.976203 [debug] [Thread-3 (]: Writing injected SQL for node "model.my_databricks_project.bronze_raw_dpt"
[0m16:47:56.978555 [debug] [Thread-3 (]: Began executing node model.my_databricks_project.bronze_raw_dpt
[0m16:47:57.010673 [debug] [Thread-3 (]: MATERIALIZING TABLE
[0m16:47:57.073397 [debug] [Thread-3 (]: Using databricks connection "model.my_databricks_project.bronze_raw_dpt"
[0m16:47:57.074096 [debug] [Thread-3 (]: On model.my_databricks_project.bronze_raw_dpt: /* {"app": "dbt", "dbt_version": "1.12.0", "dbt_databricks_version": "1.12.4", "databricks_sql_connector_version": "4.4.0", "profile_name": "my_databricks_project", "target_name": "dev", "invocation_id": "34a89e77-5ec2-4bd1-8011-b5ae57f09eaa", "node_id": "model.my_databricks_project.bronze_raw_dpt"} */
SELECT
    table_catalog,
    table_schema,
    table_name,
    filter_name,
    target_columns
  FROM `workspace`.`information_schema`.`row_filters`
  WHERE table_catalog = 'workspace'
    AND table_schema = '1st_dbt_project'
    AND table_name = 'bronze_raw_dpt'
[0m16:47:57.074664 [debug] [Thread-3 (]: Opening a new connection, currently in state init
[0m16:47:58.398477 [debug] [Thread-3 (]: Databricks adapter: Connection(session-id=01f1a6c4-2570-16f8-906b-5a34f00aee7f) - Created
[0m16:47:59.066818 [debug] [Thread-3 (]: SQL status: OK in 1.990 seconds
[0m16:47:59.077624 [debug] [Thread-3 (]: Databricks adapter: Cursor(session-id=01f1a6c4-2570-16f8-906b-5a34f00aee7f, command-id=01f1a6c4-25ab-1603-ba75-61a8aa29bbd5) - Closing
[0m16:47:59.115990 [debug] [Thread-3 (]: Writing runtime sql for node "model.my_databricks_project.bronze_raw_dpt"
[0m16:47:59.117054 [debug] [Thread-3 (]: Using databricks connection "model.my_databricks_project.bronze_raw_dpt"
[0m16:47:59.117601 [debug] [Thread-3 (]: On model.my_databricks_project.bronze_raw_dpt: /* {"app": "dbt", "dbt_version": "1.12.0", "dbt_databricks_version": "1.12.4", "databricks_sql_connector_version": "4.4.0", "profile_name": "my_databricks_project", "target_name": "dev", "invocation_id": "34a89e77-5ec2-4bd1-8011-b5ae57f09eaa", "node_id": "model.my_databricks_project.bronze_raw_dpt"} */

  
    
        create or replace table `workspace`.`1st_dbt_project`.`bronze_raw_dpt`
      
      
    using delta
  
      
      
      
      
      
      
      
      
      as
      CREATE OR REPLACE TABLE workspace.1st_dbt_project.dbt_raw (
    id INT,
    customer_name STRING,
    created_at TIMESTAMP
);

INSERT INTO workspace.1st_dbt_project.dbt_raw VALUES
(1, 'raw_record_1', current_timestamp()),
(2, 'raw_record_2', current_timestamp()),
(3, 'raw_record_3', current_timestamp()),
(4, 'raw_record_4', current_timestamp()),
(5, 'raw_record_5', current_timestamp()),
(6, 'raw_record_6', current_timestamp()),
(7, 'raw_record_7', current_timestamp()),
(8, 'raw_record_8', current_timestamp()),
(9, 'raw_record_9', current_timestamp()),
(10, 'raw_record_10', current_timestamp()),
(11, 'raw_record_11', current_timestamp()),
(12, 'raw_record_12', current_timestamp()),
(13, 'raw_record_13', current_timestamp()),
(14, 'raw_record_14', current_timestamp()),
(15, 'raw_record_15', current_timestamp())
  
[0m16:47:59.787502 [debug] [Thread-3 (]: Databricks adapter: Exception while trying to execute query
/* {"app": "dbt", "dbt_version": "1.12.0", "dbt_databricks_version": "1.12.4", "databricks_sql_connector_version": "4.4.0", "profile_name": "my_databricks_project", "target_name": "dev", "invocation_id": "34a89e77-5ec2-4bd1-8011-b5ae57f09eaa", "node_id": "model.my_databricks_project.bronze_raw_dpt"} */

  
    
        create or replace table `workspace`.`1st_dbt_project`.`bronze_raw_dpt`
      
      
    using delta
  
      
      
      
      
      
      
      
      
      as
      CREATE OR REPLACE TABLE workspace.1st_dbt_project.dbt_raw (
    id INT,
    customer_name STRING,
    created_at TIMESTAMP
);

INSERT INTO workspace.1st_dbt_project.dbt_raw VALUES
(1, 'raw_record_1', current_timestamp()),
(2, 'raw_record_2', current_timestamp()),
(3, 'raw_record_3', current_timestamp()),
(4, 'raw_record_4', current_timestamp()),
(5, 'raw_record_5', current_timestamp()),
(6, 'raw_record_6', current_timestamp()),
(7, 'raw_record_7', current_timestamp()),
(8, 'raw_record_8', current_timestamp()),
(9, 'raw_record_9', current_timestamp()),
(10, 'raw_record_10', current_timestamp()),
(11, 'raw_record_11', current_timestamp()),
(12, 'raw_record_12', current_timestamp()),
(13, 'raw_record_13', current_timestamp()),
(14, 'raw_record_14', current_timestamp()),
(15, 'raw_record_15', current_timestamp())
  
: 
[PARSE_SYNTAX_ERROR] Syntax error at or near 'CREATE'. SQLSTATE: 42601 (line 19, pos 6)

== SQL ==
/* {"app": "dbt", "dbt_version": "1.12.0", "dbt_databricks_version": "1.12.4", "databricks_sql_connector_version": "4.4.0", "profile_name": "my_databricks_project", "target_name": "dev", "invocation_id": "34a89e77-5ec2-4bd1-8011-b5ae57f09eaa", "node_id": "model.my_databricks_project.bronze_raw_dpt"} */

  
    
        create or replace table `workspace`.`1st_dbt_project`.`bronze_raw_dpt`
      
      
    using delta
  
      
      
      
      
      
      
      
      
      as
      CREATE OR REPLACE TABLE workspace.1st_dbt_project.dbt_raw (
------^^^
    id INT,
    customer_name STRING,
    created_at TIMESTAMP
);

INSERT INTO workspace.1st_dbt_project.dbt_raw VALUES
(1, 'raw_record_1', current_timestamp()),
(2, 'raw_record_2', current_timestamp()),
(3, 'raw_record_3', current_timestamp()),
(4, 'raw_record_4', current_timestamp()),
(5, 'raw_record_5', current_timestamp()),
(6, 'raw_record_6', current_timestamp()),
(7, 'raw_record_7', current_timestamp()),
(8, 'raw_record_8', current_timestamp()),
(9, 'raw_record_9', current_timestamp()),
(10, 'raw_record_10', current_timestamp()),
(11, 'raw_record_11', current_timestamp()),
(12, 'raw_record_12', current_timestamp()),
(13, 'raw_record_13', current_timestamp()),
(14, 'raw_record_14', current_timestamp()),
(15, 'raw_record_15', current_timestamp())

Error properties: diagnostic-info=org.apache.hive.service.cli.HiveSQLException: Error running query: [PARSE_SYNTAX_ERROR] org.apache.spark.sql.catalyst.parser.ParseException: 
[PARSE_SYNTAX_ERROR] Syntax error at or near 'CREATE'. SQLSTATE: 42601 (line 19, pos 6)

== SQL ==
/* {"app": "dbt", "dbt_version": "1.12.0", "dbt_databricks_version": "1.12.4", "databricks_sql_connector_version": "4.4.0", "profile_name": "my_databricks_project", "target_name": "dev", "invocation_id": "34a89e77-5ec2-4bd1-8011-b5ae57f09eaa", "node_id": "model.my_databricks_project.bronze_raw_dpt"} */

  
    
        create or replace table `workspace`.`1st_dbt_project`.`bronze_raw_dpt`
      
      
    using delta
  
      
      
      
      
      
      
      
      
      as
      CREATE OR REPLACE TABLE workspace.1st_dbt_project.dbt_raw (
------^^^
    id INT,
    customer_name STRING,
    created_at TIMESTAMP
);

INSERT INTO workspace.1st_dbt_project.dbt_raw VALUES
(1, 'raw_record_1', current_timestamp()),
(2, 'raw_record_2', current_timestamp()),
(3, 'raw_record_3', current_timestamp()),
(4, 'raw_record_4', current_timestamp()),
(5, 'raw_record_5', current_timestamp()),
(6, 'raw_record_6', current_timestamp()),
(7, 'raw_record_7', current_timestamp()),
(8, 'raw_record_8', current_timestamp()),
(9, 'raw_record_9', current_timestamp()),
(10, 'raw_record_10', current_timestamp()),
(11, 'raw_record_11', current_timestamp()),
(12, 'raw_record_12', current_timestamp()),
(13, 'raw_record_13', current_timestamp()),
(14, 'raw_record_14', current_timestamp()),
(15, 'raw_record_15', current_timestamp())

	at org.apache.spark.sql.hive.thriftserver.HiveThriftServerErrors$.runningQueryError(HiveThriftServerErrors.scala:58)
	at org.apache.spark.sql.hive.thriftserver.SparkExecuteStatementOperation.$anonfun$execute$1(SparkExecuteStatementOperation.scala:1235)
	at scala.runtime.java8.JFunction0$mcV$sp.apply(JFunction0$mcV$sp.scala:18)
	at com.databricks.unity.UCSEphemeralState$Handle.runWith(UCSEphemeralState.scala:51)
	at com.databricks.unity.HandleImpl.runWith(UCSHandle.scala:128)
	at org.apache.spark.sql.hive.thriftserver.SparkExecuteStatementOperation.org$apache$spark$sql$hive$thriftserver$SparkExecuteStatementOperation$$execute(SparkExecuteStatementOperation.scala:911)
	at org.apache.spark.sql.hive.thriftserver.SparkExecuteStatementOperation$$anon$2$$anon$3.$anonfun$run$6(SparkExecuteStatementOperation.scala:650)
	at scala.runtime.java8.JFunction0$mcV$sp.apply(JFunction0$mcV$sp.scala:18)
	at org.apache.spark.sql.execution.SQLExecution$.withRootExecution(SQLExecution.scala:1666)
	at org.apache.spark.sql.hive.thriftserver.SparkExecuteStatementOperation$$anon$2$$anon$3.$anonfun$run$3(SparkExecuteStatementOperation.scala:650)
	at scala.runtime.java8.JFunction0$mcV$sp.apply(JFunction0$mcV$sp.scala:18)
	at com.databricks.util.TracingSpanUtils$.withTracing(TracingSpanUtils.scala:251)
	at com.databricks.spark.util.DatabricksTracingHelper.withSpan(DatabricksSparkTracingHelper.scala:154)
	at com.databricks.spark.util.DBRTracing$.withSpan(DBRTracing.scala:87)
	at org.apache.spark.sql.hive.thriftserver.ThriftLocalProperties.$anonfun$withLocalProperties$18(ThriftLocalProperties.scala:366)
	at com.databricks.logging.AttributionContextTracing.$anonfun$withAttributionContext$1(AttributionContextTracing.scala:146)
	at com.databricks.logging.AttributionContext$.$anonfun$withValue$1(AttributionContext.scala:349)
	at scala.util.DynamicVariable.withValue(DynamicVariable.scala:59)
	at com.databricks.logging.AttributionContext$.withValue(AttributionContext.scala:345)
	at com.databricks.logging.AttributionContextTracing.withAttributionContext(AttributionContextTracing.scala:144)
	at com.databricks.logging.AttributionContextTracing.withAttributionContext$(AttributionContextTracing.scala:141)
	at com.databricks.spark.util.PublicDBLogging.withAttributionContext(DatabricksSparkUsageLogger.scala:29)
	at com.databricks.logging.AttributionContextTracing.withAttributionTags(AttributionContextTracing.scala:201)
	at com.databricks.logging.AttributionContextTracing.withAttributionTags$(AttributionContextTracing.scala:182)
	at com.databricks.spark.util.PublicDBLogging.withAttributionTags(DatabricksSparkUsageLogger.scala:29)
	at com.databricks.spark.util.PublicDBLogging.withAttributionTags0(DatabricksSparkUsageLogger.scala:108)
	at com.databricks.spark.util.DatabricksSparkUsageLogger.withAttributionTags(DatabricksSparkUsageLogger.scala:215)
	at com.databricks.spark.util.UsageLogging.$anonfun$withAttributionTags$1(UsageLogger.scala:668)
	at com.databricks.spark.util.UsageLogging$.withAttributionTags(UsageLogger.scala:780)
	at com.databricks.spark.util.UsageLogging$.withAttributionTags(UsageLogger.scala:789)
	at com.databricks.spark.util.UsageLogging.withAttributionTags(UsageLogger.scala:668)
	at com.databricks.spark.util.UsageLogging.withAttributionTags$(UsageLogger.scala:666)
	at org.apache.spark.sql.hive.thriftserver.SparkExecuteStatementOperation.withAttributionTags(SparkExecuteStatementOperation.scala:80)
	at org.apache.spark.sql.hive.thriftserver.ThriftLocalProperties.$anonfun$withLocalProperties$15(ThriftLocalProperties.scala:365)
	at com.databricks.spark.util.IdentityClaim$.withClaim(IdentityClaim.scala:48)
	at org.apache.spark.sql.hive.thriftserver.ThriftLocalProperties.withLocalProperties(ThriftLocalProperties.scala:360)
	at org.apache.spark.sql.hive.thriftserver.ThriftLocalProperties.withLocalProperties$(ThriftLocalProperties.scala:180)
	at org.apache.spark.sql.hive.thriftserver.SparkExecuteStatementOperation.withLocalProperties(SparkExecuteStatementOperation.scala:80)
	at org.apache.spark.sql.hive.thriftserver.SparkExecuteStatementOperation$$anon$2$$anon$3.$anonfun$run$2(SparkExecuteStatementOperation.scala:626)
	at scala.runtime.java8.JFunction0$mcV$sp.apply(JFunction0$mcV$sp.scala:18)
	at com.databricks.spark.util.DBRTracing$.withSpanFromParent(DBRTracing.scala:70)
	at org.apache.spark.sql.hive.thriftserver.SparkExecuteStatementOperation$$anon$2$$anon$3.run(SparkExecuteStatementOperation.scala:626)
	at org.apache.spark.sql.hive.thriftserver.SparkExecuteStatementOperation$$anon$2$$anon$3.run(SparkExecuteStatementOperation.scala:599)
	at java.base/java.security.AccessController.doPrivileged(AccessController.java:712)
	at java.base/javax.security.auth.Subject.doAs(Subject.java:439)
	at org.apache.hadoop.security.UserGroupInformation.doAs(UserGroupInformation.java:1953)
	at org.apache.spark.sql.hive.thriftserver.SparkExecuteStatementOperation$$anon$2.run(SparkExecuteStatementOperation.scala:664)
	at java.base/java.util.concurrent.Executors$RunnableAdapter.call(Executors.java:539)
	at java.base/java.util.concurrent.FutureTask.run(FutureTask.java:264)
	at java.base/java.util.concurrent.ThreadPoolExecutor.runWorker(ThreadPoolExecutor.java:1136)
	at java.base/java.util.concurrent.ThreadPoolExecutor$Worker.run(ThreadPoolExecutor.java:635)
	at java.base/java.lang.Thread.run(Thread.java:840)
Caused by: org.apache.spark.sql.catalyst.parser.ParseException: 
[PARSE_SYNTAX_ERROR] Syntax error at or near 'CREATE'. SQLSTATE: 42601 (line 19, pos 6)

== SQL ==
/* {"app": "dbt", "dbt_version": "1.12.0", "dbt_databricks_version": "1.12.4", "databricks_sql_connector_version": "4.4.0", "profile_name": "my_databricks_project", "target_name": "dev", "invocation_id": "34a89e77-5ec2-4bd1-8011-b5ae57f09eaa", "node_id": "model.my_databricks_project.bronze_raw_dpt"} */

  
    
        create or replace table `workspace`.`1st_dbt_project`.`bronze_raw_dpt`
      
      
    using delta
  
      
      
      
      
      
      
      
      
      as
      CREATE OR REPLACE TABLE workspace.1st_dbt_project.dbt_raw (
------^^^
    id INT,
    customer_name STRING,
    created_at TIMESTAMP
);

INSERT INTO workspace.1st_dbt_project.dbt_raw VALUES
(1, 'raw_record_1', current_timestamp()),
(2, 'raw_record_2', current_timestamp()),
(3, 'raw_record_3', current_timestamp()),
(4, 'raw_record_4', current_timestamp()),
(5, 'raw_record_5', current_timestamp()),
(6, 'raw_record_6', current_timestamp()),
(7, 'raw_record_7', current_timestamp()),
(8, 'raw_record_8', current_timestamp()),
(9, 'raw_record_9', current_timestamp()),
(10, 'raw_record_10', current_timestamp()),
(11, 'raw_record_11', current_timestamp()),
(12, 'raw_record_12', current_timestamp()),
(13, 'raw_record_13', current_timestamp()),
(14, 'raw_record_14', current_timestamp()),
(15, 'raw_record_15', current_timestamp())

	at org.apache.spark.sql.catalyst.parser.ParseException.withCommand(parsers.scala:515)
	at org.apache.spark.sql.catalyst.parser.AbstractParser$.executeWithTwoStageStrategy(parsers.scala:329)
	at org.apache.spark.sql.catalyst.parser.SubstituteParamsParser.substitute(SubstituteParamsParser.scala:80)
	at org.apache.spark.sql.catalyst.parser.ParameterHandler$.performSubstitution(ParameterHandler.scala:83)
	at org.apache.spark.sql.catalyst.parser.ParameterHandler$.substituteParameters(ParameterHandler.scala:185)
	at org.apache.spark.sql.execution.SparkSqlParser.parseInternal(SparkSqlParser.scala:285)
	at org.apache.spark.sql.execution.SparkSqlParser.parseWithParameters(SparkSqlParser.scala:188)
	at org.apache.spark.sql.execution.SparkSqlParser.parsePlanWithParameters(SparkSqlParser.scala:202)
	at com.databricks.sql.QueryRuntimePredictionUtils$.$anonfun$getParsedPlanWithTracking$4(QueryRuntimePrediction.scala:492)
	at com.databricks.spark.util.FrameProfiler$.$anonfun$record$1(FrameProfiler.scala:114)
	at com.databricks.spark.util.FrameProfilerExporter$.maybeExportFrameProfiler(FrameProfilerExporter.scala:146)
	at com.databricks.spark.util.FrameProfiler$.record(FrameProfiler.scala:105)
	at org.apache.spark.sql.catalyst.QueryPlanningTracker.measurePhase(QueryPlanningTracker.scala:1040)
	at com.databricks.sql.QueryRuntimePredictionUtils$.$anonfun$getParsedPlanWithTracking$3(QueryRuntimePrediction.scala:457)
	at org.apache.spark.sql.catalyst.QueryPlanningTracker$.withTracker(QueryPlanningTracker.scala:275)
	at com.databricks.sql.QueryRuntimePredictionUtils$.$anonfun$getParsedPlanWithTracking$2(QueryRuntimePrediction.scala:457)
	at org.apache.spark.sql.execution.SQLExecution$.$anonfun$withExecutionPhase$1(SQLExecution.scala:362)
	at com.databricks.util.TracingSpanUtils$.withTracing(TracingSpanUtils.scala:251)
	at com.databricks.spark.util.DatabricksTracingHelper.withSpan(DatabricksSparkTracingHelper.scala:154)
	at com.databricks.spark.util.DBRTracing$.withSpan(DBRTracing.scala:87)
	at org.apache.spark.sql.execution.SQLExecution$.withExecutionPhase(SQLExecution.scala:343)
	at com.databricks.sql.QueryRuntimePredictionUtils$.$anonfun$getParsedPlanWithTracking$1(QueryRuntimePrediction.scala:456)
	at com.databricks.sql.util.MemoryTrackerHelper.withMemoryTracking(MemoryTrackerHelper.scala:111)
	at com.databricks.sql.QueryRuntimePredictionUtils$.getParsedPlanWithTracking(QueryRuntimePrediction.scala:452)
	at com.databricks.sql.QueryRuntimePrediction.$anonfun$getQueryExecutionWithParsedPlan$1(QueryRuntimePrediction.scala:894)
	at org.apache.spark.sql.SparkSession.withActive(SparkSession.scala:866)
	at com.databricks.sql.QueryRuntimePrediction.getQueryExecutionWithParsedPlan(QueryRuntimePrediction.scala:885)
	at com.databricks.sql.QueryRuntimePrediction.getRuntimeCategory(QueryRuntimePrediction.scala:609)
	at com.databricks.sql.ClusterLoadMonitor.$anonfun$getRuntimeCategory$3(ClusterLoadMonitor.scala:1230)
	at com.databricks.unity.UCSEphemeralState$Handle.runWith(UCSEphemeralState.scala:51)
	at com.databricks.unity.HandleImpl.runWith(UCSHandle.scala:128)
	at com.databricks.unity.HandleImpl.$anonfun$runWithAndClose$1(UCSHandle.scala:133)
	at scala.util.Using$.resource(Using.scala:296)
	at com.databricks.unity.HandleImpl.runWithAndClose(UCSHandle.scala:132)
	at com.databricks.sql.ClusterLoadMonitor.$anonfun$getRuntimeCategory$2(ClusterLoadMonitor.scala:1225)
	at java.base/java.util.concurrent.CompletableFuture$AsyncSupply.run(CompletableFuture.java:1768)
	at org.apache.spark.util.threads.SparkThreadLocalCapturingRunnable.$anonfun$run$1(SparkThreadLocalForwardingThreadPoolExecutor.scala:171)
	at scala.runtime.java8.JFunction0$mcV$sp.apply(JFunction0$mcV$sp.scala:18)
	at com.databricks.spark.util.DBRTracing$.withSpanFromParent(DBRTracing.scala:70)
	at org.apache.spark.util.threads.SparkThreadLocalCapturingHelper.$anonfun$runWithCaptured$7(SparkThreadLocalForwardingThreadPoolExecutor.scala:124)
	at com.databricks.util.LexicalThreadLocal$Handle.runWith(LexicalThreadLocal.scala:63)
	at org.apache.spark.util.threads.SparkThreadLocalCapturingHelper.$anonfun$runWithCaptured$6(SparkThreadLocalForwardingThreadPoolExecutor.scala:123)
	at com.databricks.sql.transaction.tahoe.mst.MSTThreadHelper$.runWithMSTContext(MSTThreadHelper.scala:77)
	at org.apache.spark.util.threads.SparkThreadLocalCapturingHelper.$anonfun$runWithCaptured$5(SparkThreadLocalForwardingThreadPoolExecutor.scala:120)
	at com.databricks.spark.util.IdentityClaim$.withClaim(IdentityClaim.scala:48)
	at org.apache.spark.util.threads.SparkThreadLocalCapturingHelper.$anonfun$runWithCaptured$4(SparkThreadLocalForwardingThreadPoolExecutor.scala:119)
	at com.databricks.unity.UCSEphemeralState$Handle.runWith(UCSEphemeralState.scala:51)
	at org.apache.spark.util.threads.SparkThreadLocalCapturingHelper.runWithCaptured(SparkThreadLocalForwardingThreadPoolExecutor.scala:118)
	at org.apache.spark.util.threads.SparkThreadLocalCapturingHelper.runWithCaptured$(SparkThreadLocalForwardingThreadPoolExecutor.scala:95)
	at org.apache.spark.util.threads.SparkThreadLocalCapturingRunnable.runWithCaptured(SparkThreadLocalForwardingThreadPoolExecutor.scala:168)
	at org.apache.spark.util.threads.SparkThreadLocalCapturingRunnable.run(SparkThreadLocalForwardingThreadPoolExecutor.scala:171)
	... 3 more
, operation-id=01f1a6c4-2616-1df4-b1ea-e5bab19cf4b1
[0m16:47:59.792010 [debug] [Thread-3 (]: On model.my_databricks_project.bronze_raw_dpt: Close
[0m16:47:59.793147 [debug] [Thread-3 (]: Databricks adapter: Connection(session-id=01f1a6c4-2570-16f8-906b-5a34f00aee7f) - Closing
[0m16:48:00.249770 [debug] [Thread-3 (]: Database Error in model bronze_raw_dpt (models\bronze\bronze_raw_dpt.sql)
  
  [PARSE_SYNTAX_ERROR] Syntax error at or near 'CREATE'. SQLSTATE: 42601 (line 19, pos 6)
  
  == SQL ==
  /* {"app": "dbt", "dbt_version": "1.12.0", "dbt_databricks_version": "1.12.4", "databricks_sql_connector_version": "4.4.0", "profile_name": "my_databricks_project", "target_name": "dev", "invocation_id": "34a89e77-5ec2-4bd1-8011-b5ae57f09eaa", "node_id": "model.my_databricks_project.bronze_raw_dpt"} */
  
    
      
          create or replace table `workspace`.`1st_dbt_project`.`bronze_raw_dpt`
        
        
      using delta
    
        
        
        
        
        
        
        
        
        as
        CREATE OR REPLACE TABLE workspace.1st_dbt_project.dbt_raw (
  ------^^^
      id INT,
      customer_name STRING,
      created_at TIMESTAMP
  );
  
  INSERT INTO workspace.1st_dbt_project.dbt_raw VALUES
  (1, 'raw_record_1', current_timestamp()),
  (2, 'raw_record_2', current_timestamp()),
  (3, 'raw_record_3', current_timestamp()),
  (4, 'raw_record_4', current_timestamp()),
  (5, 'raw_record_5', current_timestamp()),
  (6, 'raw_record_6', current_timestamp()),
  (7, 'raw_record_7', current_timestamp()),
  (8, 'raw_record_8', current_timestamp()),
  (9, 'raw_record_9', current_timestamp()),
  (10, 'raw_record_10', current_timestamp()),
  (11, 'raw_record_11', current_timestamp()),
  (12, 'raw_record_12', current_timestamp()),
  (13, 'raw_record_13', current_timestamp()),
  (14, 'raw_record_14', current_timestamp()),
  (15, 'raw_record_15', current_timestamp())
  
  compiled code at target\run\my_databricks_project\models\bronze\bronze_raw_dpt.sql
[0m16:48:00.258862 [debug] [Thread-3 (]: Sending event: {'category': 'dbt', 'action': 'run_model', 'label': '34a89e77-5ec2-4bd1-8011-b5ae57f09eaa', 'context': [<snowplow_tracker.self_describing_json.SelfDescribingJson object at 0x0000019CEE7E62D0>]}
[0m16:48:00.261941 [error] [Thread-3 (]: 1 of 1 ERROR creating sql table model 1st_dbt_project.bronze_raw_dpt ........... [[31mERROR[0m in 3.29s]
[0m16:48:00.273316 [debug] [Thread-3 (]: Finished running node model.my_databricks_project.bronze_raw_dpt
[0m16:48:00.276580 [debug] [Thread-9 (]: Marking all children of 'model.my_databricks_project.bronze_raw_dpt' to be skipped because of status 'error'.  Reason: Database Error in model bronze_raw_dpt (models\bronze\bronze_raw_dpt.sql)
  
  [PARSE_SYNTAX_ERROR] Syntax error at or near 'CREATE'. SQLSTATE: 42601 (line 19, pos 6)
  
  == SQL ==
  /* {"app": "dbt", "dbt_version": "1.12.0", "dbt_databricks_version": "1.12.4", "databricks_sql_connector_version": "4.4.0", "profile_name": "my_databricks_project", "target_name": "dev", "invocation_id": "34a89e77-5ec2-4bd1-8011-b5ae57f09eaa", "node_id": "model.my_databricks_project.bronze_raw_dpt"} */
  
    
      
          create or replace table `workspace`.`1st_dbt_project`.`bronze_raw_dpt`
        
        
      using delta
    
        
        
        
        
        
        
        
        
        as
        CREATE OR REPLACE TABLE workspace.1st_dbt_project.dbt_raw (
  ------^^^
      id INT,
      customer_name STRING,
      created_at TIMESTAMP
  );
  
  INSERT INTO workspace.1st_dbt_project.dbt_raw VALUES
  (1, 'raw_record_1', current_timestamp()),
  (2, 'raw_record_2', current_timestamp()),
  (3, 'raw_record_3', current_timestamp()),
  (4, 'raw_record_4', current_timestamp()),
  (5, 'raw_record_5', current_timestamp()),
  (6, 'raw_record_6', current_timestamp()),
  (7, 'raw_record_7', current_timestamp()),
  (8, 'raw_record_8', current_timestamp()),
  (9, 'raw_record_9', current_timestamp()),
  (10, 'raw_record_10', current_timestamp()),
  (11, 'raw_record_11', current_timestamp()),
  (12, 'raw_record_12', current_timestamp()),
  (13, 'raw_record_13', current_timestamp()),
  (14, 'raw_record_14', current_timestamp()),
  (15, 'raw_record_15', current_timestamp())
  
  compiled code at target\run\my_databricks_project\models\bronze\bronze_raw_dpt.sql.
[0m16:48:00.281771 [debug] [MainThread]: Databricks adapter: DatabricksDBTConnection(session-id=None, name=master) - Creating connection
[0m16:48:00.282854 [debug] [MainThread]: Acquiring new databricks connection 'master'
[0m16:48:00.289222 [info ] [MainThread]: 
[0m16:48:00.299732 [info ] [MainThread]: Finished running 1 table model in 0 hours 0 minutes and 31.00 seconds (31.00s).
[0m16:48:00.323310 [debug] [MainThread]: Command end result
[0m16:48:00.419894 [debug] [MainThread]: Wrote artifact WritableManifest to C:\Users\X280\dbt_project\target\manifest.json
[0m16:48:00.424179 [debug] [MainThread]: Wrote artifact SemanticManifest to C:\Users\X280\dbt_project\target\semantic_manifest.json
[0m16:48:00.428513 [debug] [MainThread]: Wrote artifact OsiDocument to C:\Users\X280\dbt_project\target\osi_document.json
[0m16:48:00.438531 [debug] [MainThread]: Wrote artifact RunExecutionResult to C:\Users\X280\dbt_project\target\run_results.json
[0m16:48:00.438968 [info ] [MainThread]: 
[0m16:48:00.439572 [info ] [MainThread]: [31mCompleted with 1 error, 0 partial successes, and 0 warnings:[0m
[0m16:48:00.440131 [info ] [MainThread]: 
[0m16:48:00.440745 [error] [MainThread]: [[31mERROR[0m]: in model bronze_raw_dpt (models\bronze\bronze_raw_dpt.sql)
[0m16:48:00.441457 [error] [MainThread]:   Database Error in model bronze_raw_dpt (models\bronze\bronze_raw_dpt.sql)
  
  [PARSE_SYNTAX_ERROR] Syntax error at or near 'CREATE'. SQLSTATE: 42601 (line 19, pos 6)
  
  == SQL ==
  /* {"app": "dbt", "dbt_version": "1.12.0", "dbt_databricks_version": "1.12.4", "databricks_sql_connector_version": "4.4.0", "profile_name": "my_databricks_project", "target_name": "dev", "invocation_id": "34a89e77-5ec2-4bd1-8011-b5ae57f09eaa", "node_id": "model.my_databricks_project.bronze_raw_dpt"} */
  
    
      
          create or replace table `workspace`.`1st_dbt_project`.`bronze_raw_dpt`
        
        
      using delta
    
        
        
        
        
        
        
        
        
        as
        CREATE OR REPLACE TABLE workspace.1st_dbt_project.dbt_raw (
  ------^^^
      id INT,
      customer_name STRING,
      created_at TIMESTAMP
  );
  
  INSERT INTO workspace.1st_dbt_project.dbt_raw VALUES
  (1, 'raw_record_1', current_timestamp()),
  (2, 'raw_record_2', current_timestamp()),
  (3, 'raw_record_3', current_timestamp()),
  (4, 'raw_record_4', current_timestamp()),
  (5, 'raw_record_5', current_timestamp()),
  (6, 'raw_record_6', current_timestamp()),
  (7, 'raw_record_7', current_timestamp()),
  (8, 'raw_record_8', current_timestamp()),
  (9, 'raw_record_9', current_timestamp()),
  (10, 'raw_record_10', current_timestamp()),
  (11, 'raw_record_11', current_timestamp()),
  (12, 'raw_record_12', current_timestamp()),
  (13, 'raw_record_13', current_timestamp()),
  (14, 'raw_record_14', current_timestamp()),
  (15, 'raw_record_15', current_timestamp())
  
  compiled code at target\run\my_databricks_project\models\bronze\bronze_raw_dpt.sql
[0m16:48:00.442067 [info ] [MainThread]: 
[0m16:48:00.442698 [info ] [MainThread]:   compiled code at target\compiled\my_databricks_project\models\bronze\bronze_raw_dpt.sql
[0m16:48:00.443218 [info ] [MainThread]: 
[0m16:48:00.443794 [info ] [MainThread]: Done. PASS=0 WARN=0 ERROR=1 SKIP=0 NO-OP=0 REUSED=0 TOTAL=1
[0m16:48:00.444965 [debug] [MainThread]: Command `dbt run` failed at 16:48:00.444832 after 42.62 seconds
[0m16:48:00.445448 [debug] [MainThread]: Sending event: {'category': 'dbt', 'action': 'invocation', 'label': 'end', 'context': [<snowplow_tracker.self_describing_json.SelfDescribingJson object at 0x0000019CEE8664C0>, <snowplow_tracker.self_describing_json.SelfDescribingJson object at 0x0000019CD7AB36B0>, <snowplow_tracker.self_describing_json.SelfDescribingJson object at 0x0000019CEE831DB0>]}
[0m16:48:00.445973 [debug] [MainThread]: Flushing usage events
[0m16:48:02.171496 [debug] [MainThread]: An error was encountered while trying to flush usage events
[0m16:49:06.694069 [debug] [MainThread]: Sending event: {'category': 'dbt', 'action': 'invocation', 'label': 'start', 'context': [<snowplow_tracker.self_describing_json.SelfDescribingJson object at 0x000002BB521AABA0>, <snowplow_tracker.self_describing_json.SelfDescribingJson object at 0x000002BB4FAECA50>, <snowplow_tracker.self_describing_json.SelfDescribingJson object at 0x000002BB54AFF890>]}


============================== 16:49:06.714750 | 74f48372-915c-44a6-ac29-e23c792eccfa ==============================
[0m16:49:06.714750 [info ] [MainThread]: Running with dbt=1.12.0
[0m16:49:06.717056 [debug] [MainThread]: running dbt with arguments {'static_parser': 'True', 'no_print': 'None', 'version_check': 'True', 'warn_error_options': 'WarnErrorOptionsV2(error=[], warn=[], silence=[])', 'maximum_seed_size_mib': '1', 'target_path': 'None', 'printer_width': '80', 'write_json': 'True', 'introspect': 'True', 'log_cache_events': 'False', 'empty': 'False', 'cache_selected_only': 'False', 'log_format': 'default', 'debug': 'False', 'fail_fast': 'False', 'profiles_dir': 'C:\\Users\\X280\\.dbt', 'send_anonymous_usage_stats': 'True', 'quiet': 'False', 'warn_error': 'None', 'partial_parse': 'True', 'use_colors': 'True', 'hints_enabled': 'True', 'indirect_selection': 'eager', 'use_experimental_parser': 'False', 'invocation_command': 'dbt run', 'log_path': 'C:\\Users\\X280\\dbt_project\\logs'}
[0m16:49:09.908569 [debug] [MainThread]: Spark adapter: Setting pyhive.hive logging to ERROR
[0m16:49:09.909878 [debug] [MainThread]: Spark adapter: Setting thrift.transport logging to ERROR
[0m16:49:09.910771 [debug] [MainThread]: Spark adapter: Setting thrift.protocol logging to ERROR
[0m16:49:14.228000 [debug] [MainThread]: Sending event: {'category': 'dbt', 'action': 'project_id', 'label': '74f48372-915c-44a6-ac29-e23c792eccfa', 'context': [<snowplow_tracker.self_describing_json.SelfDescribingJson object at 0x000002BB6937C3E0>]}
[0m16:49:14.331708 [debug] [MainThread]: Sending event: {'category': 'dbt', 'action': 'adapter_info', 'label': '74f48372-915c-44a6-ac29-e23c792eccfa', 'context': [<snowplow_tracker.self_describing_json.SelfDescribingJson object at 0x000002BB52D66E00>]}
[0m16:49:14.332654 [info ] [MainThread]: Registered adapter: databricks=1.12.4
[0m16:49:14.953967 [debug] [MainThread]: checksum: 3dc68700ad7a368beffc73dbf81da035a64fcd39467072f1285d90f066942faf, vars: {}, profile: my_databricks_project, target: dev, version: 1.12.0
[0m16:49:15.484854 [debug] [MainThread]: Partial parsing enabled: 0 files deleted, 0 files added, 1 files changed.
[0m16:49:15.485766 [debug] [MainThread]: Partial parsing: updated file: my_databricks_project://models\bronze\bronze_raw_dpt.sql
[0m16:49:16.086442 [debug] [MainThread]: Sending event: {'category': 'dbt', 'action': 'load_project', 'label': '74f48372-915c-44a6-ac29-e23c792eccfa', 'context': [<snowplow_tracker.self_describing_json.SelfDescribingJson object at 0x000002BB69BB5750>]}
[0m16:49:16.245850 [debug] [MainThread]: Wrote artifact WritableManifest to C:\Users\X280\dbt_project\target\manifest.json
[0m16:49:16.252283 [debug] [MainThread]: Wrote artifact SemanticManifest to C:\Users\X280\dbt_project\target\semantic_manifest.json
[0m16:49:16.387435 [debug] [MainThread]: Wrote artifact OsiDocument to C:\Users\X280\dbt_project\target\osi_document.json
[0m16:49:16.470251 [debug] [MainThread]: Sending event: {'category': 'dbt', 'action': 'resource_counts', 'label': '74f48372-915c-44a6-ac29-e23c792eccfa', 'context': [<snowplow_tracker.self_describing_json.SelfDescribingJson object at 0x000002BB69CEF980>]}
[0m16:49:16.471971 [info ] [MainThread]: Found 3 models, 773 macros
[0m16:49:16.473340 [debug] [MainThread]: Sending event: {'category': 'dbt', 'action': 'runnable_timing', 'label': '74f48372-915c-44a6-ac29-e23c792eccfa', 'context': [<snowplow_tracker.self_describing_json.SelfDescribingJson object at 0x000002BB69CFF770>]}
[0m16:49:16.479390 [info ] [MainThread]: 
[0m16:49:16.480769 [info ] [MainThread]: Concurrency: 4 threads (target='dev')
[0m16:49:16.482639 [info ] [MainThread]: 
[0m16:49:16.485262 [debug] [MainThread]: Databricks adapter: DatabricksDBTConnection(session-id=None, name=master) - Creating connection
[0m16:49:16.486485 [debug] [MainThread]: Acquiring new databricks connection 'master'
[0m16:49:16.519643 [debug] [ThreadPool]: Databricks adapter: DatabricksDBTConnection(session-id=None, name=list_workspace) - Creating connection
[0m16:49:16.521471 [debug] [ThreadPool]: Acquiring new databricks connection 'list_workspace'
[0m16:49:16.551881 [debug] [ThreadPool]: Using databricks connection "list_workspace"
[0m16:49:16.552537 [debug] [ThreadPool]: On list_workspace: /* {"app": "dbt", "dbt_version": "1.12.0", "dbt_databricks_version": "1.12.4", "databricks_sql_connector_version": "4.4.0", "profile_name": "my_databricks_project", "target_name": "dev", "invocation_id": "74f48372-915c-44a6-ac29-e23c792eccfa", "connection_name": "list_workspace"} */

    

  SHOW SCHEMAS IN `workspace`


  
[0m16:49:16.553063 [debug] [ThreadPool]: Opening a new connection, currently in state init
[0m16:49:23.028964 [debug] [ThreadPool]: Databricks adapter: Connection(session-id=01f1a6c4-571a-199d-8186-682bc38fad9e) - Created
[0m16:49:23.695362 [debug] [ThreadPool]: SQL status: OK in 7.140 seconds
[0m16:49:23.804814 [debug] [ThreadPool]: Databricks adapter: Cursor(session-id=01f1a6c4-571a-199d-8186-682bc38fad9e, command-id=01f1a6c4-5819-18ce-9cc5-25612d6fc28f) - Closing
[0m16:49:23.806072 [debug] [ThreadPool]: On list_workspace: Close
[0m16:49:23.806930 [debug] [ThreadPool]: Databricks adapter: Connection(session-id=01f1a6c4-571a-199d-8186-682bc38fad9e) - Closing
[0m16:49:24.458991 [debug] [ThreadPool]: Databricks adapter: DatabricksDBTConnection(session-id=None, name=list_workspace_1st_DBT_PROJECT) - Creating connection
[0m16:49:24.460059 [debug] [ThreadPool]: Acquiring new databricks connection 'list_workspace_1st_DBT_PROJECT'
[0m16:49:24.469689 [debug] [ThreadPool]: Using databricks connection "list_workspace_1st_DBT_PROJECT"
[0m16:49:24.470460 [debug] [ThreadPool]: On list_workspace_1st_DBT_PROJECT: /* {"app": "dbt", "dbt_version": "1.12.0", "dbt_databricks_version": "1.12.4", "databricks_sql_connector_version": "4.4.0", "profile_name": "my_databricks_project", "target_name": "dev", "invocation_id": "74f48372-915c-44a6-ac29-e23c792eccfa", "connection_name": "list_workspace_1st_DBT_PROJECT"} */

    
SELECT
  table_name,
  if(table_type IN ('EXTERNAL', 'MANAGED', 'MANAGED_SHALLOW_CLONE', 'EXTERNAL_SHALLOW_CLONE'), 'table', lower(table_type)) AS table_type,
  lower(data_source_format) AS file_format,
  table_owner,
  if(
    table_type IN (
      'EXTERNAL',
      'MANAGED',
      'MANAGED_SHALLOW_CLONE',
      'EXTERNAL_SHALLOW_CLONE'
    ),
    lower(table_type),
    NULL
  ) AS databricks_table_type
FROM `system`.`information_schema`.`tables`
WHERE table_catalog = 'workspace'
  AND table_schema = '1st_dbt_project'

  
[0m16:49:24.471111 [debug] [ThreadPool]: Opening a new connection, currently in state init
[0m16:49:25.703383 [debug] [ThreadPool]: Databricks adapter: Connection(session-id=01f1a6c4-5981-1426-b713-75f0fc5eb5a8) - Created
[0m16:49:27.497429 [debug] [ThreadPool]: SQL status: OK in 3.030 seconds
[0m16:49:27.526860 [debug] [ThreadPool]: Databricks adapter: Cursor(session-id=01f1a6c4-5981-1426-b713-75f0fc5eb5a8, command-id=01f1a6c4-59b3-11a9-a93f-bd436701aaf5) - Closing
[0m16:49:27.528543 [debug] [ThreadPool]: On list_workspace_1st_DBT_PROJECT: Close
[0m16:49:27.529392 [debug] [ThreadPool]: Databricks adapter: Connection(session-id=01f1a6c4-5981-1426-b713-75f0fc5eb5a8) - Closing
[0m16:49:27.910446 [debug] [MainThread]: Sending event: {'category': 'dbt', 'action': 'runnable_timing', 'label': '74f48372-915c-44a6-ac29-e23c792eccfa', 'context': [<snowplow_tracker.self_describing_json.SelfDescribingJson object at 0x000002BB69D94600>]}
[0m16:49:27.930640 [debug] [Thread-3 (]: Began running node model.my_databricks_project.bronze_raw_dpt
[0m16:49:27.932029 [info ] [Thread-3 (]: 1 of 3 START sql table model 1st_dbt_project.bronze_raw_dpt .................... [RUN]
[0m16:49:27.936533 [debug] [Thread-3 (]: Databricks adapter: DatabricksDBTConnection(session-id=None, name=model.my_databricks_project.bronze_raw_dpt) - Creating connection
[0m16:49:27.937666 [debug] [Thread-3 (]: Acquiring new databricks connection 'model.my_databricks_project.bronze_raw_dpt'
[0m16:49:27.938625 [debug] [Thread-3 (]: Began compiling node model.my_databricks_project.bronze_raw_dpt
[0m16:49:27.953804 [debug] [Thread-3 (]: Writing injected SQL for node "model.my_databricks_project.bronze_raw_dpt"
[0m16:49:27.956611 [debug] [Thread-3 (]: Began executing node model.my_databricks_project.bronze_raw_dpt
[0m16:49:27.991445 [debug] [Thread-3 (]: MATERIALIZING TABLE
[0m16:49:28.045565 [debug] [Thread-3 (]: Using databricks connection "model.my_databricks_project.bronze_raw_dpt"
[0m16:49:28.046240 [debug] [Thread-3 (]: On model.my_databricks_project.bronze_raw_dpt: /* {"app": "dbt", "dbt_version": "1.12.0", "dbt_databricks_version": "1.12.4", "databricks_sql_connector_version": "4.4.0", "profile_name": "my_databricks_project", "target_name": "dev", "invocation_id": "74f48372-915c-44a6-ac29-e23c792eccfa", "node_id": "model.my_databricks_project.bronze_raw_dpt"} */
SELECT
    table_catalog,
    table_schema,
    table_name,
    filter_name,
    target_columns
  FROM `workspace`.`information_schema`.`row_filters`
  WHERE table_catalog = 'workspace'
    AND table_schema = '1st_dbt_project'
    AND table_name = 'bronze_raw_dpt'
[0m16:49:28.046797 [debug] [Thread-3 (]: Opening a new connection, currently in state init
[0m16:49:29.497521 [debug] [Thread-3 (]: Databricks adapter: Connection(session-id=01f1a6c4-5bbd-107d-80f9-7efdf0b5487b) - Created
[0m16:49:30.572722 [debug] [Thread-3 (]: SQL status: OK in 2.530 seconds
[0m16:49:30.581730 [debug] [Thread-3 (]: Databricks adapter: Cursor(session-id=01f1a6c4-5bbd-107d-80f9-7efdf0b5487b, command-id=01f1a6c4-5bf4-1f52-a9f7-21a460ea112b) - Closing
[0m16:49:30.632640 [debug] [Thread-3 (]: Writing runtime sql for node "model.my_databricks_project.bronze_raw_dpt"
[0m16:49:30.633843 [debug] [Thread-3 (]: Using databricks connection "model.my_databricks_project.bronze_raw_dpt"
[0m16:49:30.634959 [debug] [Thread-3 (]: On model.my_databricks_project.bronze_raw_dpt: /* {"app": "dbt", "dbt_version": "1.12.0", "dbt_databricks_version": "1.12.4", "databricks_sql_connector_version": "4.4.0", "profile_name": "my_databricks_project", "target_name": "dev", "invocation_id": "74f48372-915c-44a6-ac29-e23c792eccfa", "node_id": "model.my_databricks_project.bronze_raw_dpt"} */

  
    
        create or replace table `workspace`.`1st_dbt_project`.`bronze_raw_dpt`
      
      
    using delta
  
      
      
      
      
      
      
      
      
      as
      CREATE OR REPLACE TABLE workspace.1st_dbt_project.dbt_raw (
    id INT,
    customer_name STRING,
    created_at TIMESTAMP
);

INSERT INTO workspace.1st_dbt_project.dbt_raw VALUES
(1, 'raw_record_1', current_timestamp()),
(2, 'raw_record_2', current_timestamp()),
(3, 'raw_record_3', current_timestamp()),
(4, 'raw_record_4', current_timestamp()),
(5, 'raw_record_5', current_timestamp()),
(6, 'raw_record_6', current_timestamp()),
(7, 'raw_record_7', current_timestamp()),
(8, 'raw_record_8', current_timestamp()),
(9, 'raw_record_9', current_timestamp()),
(10, 'raw_record_10', current_timestamp()),
(11, 'raw_record_11', current_timestamp()),
(12, 'raw_record_12', current_timestamp()),
(13, 'raw_record_13', current_timestamp()),
(14, 'raw_record_14', current_timestamp()),
(15, 'raw_record_15', current_timestamp());
DROP VIEW IF EXISTS workspace.1st_dbt_project.bronze_raw_dpt
  
[0m16:49:31.293094 [debug] [Thread-3 (]: Databricks adapter: Exception while trying to execute query
/* {"app": "dbt", "dbt_version": "1.12.0", "dbt_databricks_version": "1.12.4", "databricks_sql_connector_version": "4.4.0", "profile_name": "my_databricks_project", "target_name": "dev", "invocation_id": "74f48372-915c-44a6-ac29-e23c792eccfa", "node_id": "model.my_databricks_project.bronze_raw_dpt"} */

  
    
        create or replace table `workspace`.`1st_dbt_project`.`bronze_raw_dpt`
      
      
    using delta
  
      
      
      
      
      
      
      
      
      as
      CREATE OR REPLACE TABLE workspace.1st_dbt_project.dbt_raw (
    id INT,
    customer_name STRING,
    created_at TIMESTAMP
);

INSERT INTO workspace.1st_dbt_project.dbt_raw VALUES
(1, 'raw_record_1', current_timestamp()),
(2, 'raw_record_2', current_timestamp()),
(3, 'raw_record_3', current_timestamp()),
(4, 'raw_record_4', current_timestamp()),
(5, 'raw_record_5', current_timestamp()),
(6, 'raw_record_6', current_timestamp()),
(7, 'raw_record_7', current_timestamp()),
(8, 'raw_record_8', current_timestamp()),
(9, 'raw_record_9', current_timestamp()),
(10, 'raw_record_10', current_timestamp()),
(11, 'raw_record_11', current_timestamp()),
(12, 'raw_record_12', current_timestamp()),
(13, 'raw_record_13', current_timestamp()),
(14, 'raw_record_14', current_timestamp()),
(15, 'raw_record_15', current_timestamp());
DROP VIEW IF EXISTS workspace.1st_dbt_project.bronze_raw_dpt
  
: 
[PARSE_SYNTAX_ERROR] Syntax error at or near 'CREATE'. SQLSTATE: 42601 (line 19, pos 6)

== SQL ==
/* {"app": "dbt", "dbt_version": "1.12.0", "dbt_databricks_version": "1.12.4", "databricks_sql_connector_version": "4.4.0", "profile_name": "my_databricks_project", "target_name": "dev", "invocation_id": "74f48372-915c-44a6-ac29-e23c792eccfa", "node_id": "model.my_databricks_project.bronze_raw_dpt"} */

  
    
        create or replace table `workspace`.`1st_dbt_project`.`bronze_raw_dpt`
      
      
    using delta
  
      
      
      
      
      
      
      
      
      as
      CREATE OR REPLACE TABLE workspace.1st_dbt_project.dbt_raw (
------^^^
    id INT,
    customer_name STRING,
    created_at TIMESTAMP
);

INSERT INTO workspace.1st_dbt_project.dbt_raw VALUES
(1, 'raw_record_1', current_timestamp()),
(2, 'raw_record_2', current_timestamp()),
(3, 'raw_record_3', current_timestamp()),
(4, 'raw_record_4', current_timestamp()),
(5, 'raw_record_5', current_timestamp()),
(6, 'raw_record_6', current_timestamp()),
(7, 'raw_record_7', current_timestamp()),
(8, 'raw_record_8', current_timestamp()),
(9, 'raw_record_9', current_timestamp()),
(10, 'raw_record_10', current_timestamp()),
(11, 'raw_record_11', current_timestamp()),
(12, 'raw_record_12', current_timestamp()),
(13, 'raw_record_13', current_timestamp()),
(14, 'raw_record_14', current_timestamp()),
(15, 'raw_record_15', current_timestamp());
DROP VIEW IF EXISTS workspace.1st_dbt_project.bronze_raw_dpt

Error properties: diagnostic-info=org.apache.hive.service.cli.HiveSQLException: Error running query: [PARSE_SYNTAX_ERROR] org.apache.spark.sql.catalyst.parser.ParseException: 
[PARSE_SYNTAX_ERROR] Syntax error at or near 'CREATE'. SQLSTATE: 42601 (line 19, pos 6)

== SQL ==
/* {"app": "dbt", "dbt_version": "1.12.0", "dbt_databricks_version": "1.12.4", "databricks_sql_connector_version": "4.4.0", "profile_name": "my_databricks_project", "target_name": "dev", "invocation_id": "74f48372-915c-44a6-ac29-e23c792eccfa", "node_id": "model.my_databricks_project.bronze_raw_dpt"} */

  
    
        create or replace table `workspace`.`1st_dbt_project`.`bronze_raw_dpt`
      
      
    using delta
  
      
      
      
      
      
      
      
      
      as
      CREATE OR REPLACE TABLE workspace.1st_dbt_project.dbt_raw (
------^^^
    id INT,
    customer_name STRING,
    created_at TIMESTAMP
);

INSERT INTO workspace.1st_dbt_project.dbt_raw VALUES
(1, 'raw_record_1', current_timestamp()),
(2, 'raw_record_2', current_timestamp()),
(3, 'raw_record_3', current_timestamp()),
(4, 'raw_record_4', current_timestamp()),
(5, 'raw_record_5', current_timestamp()),
(6, 'raw_record_6', current_timestamp()),
(7, 'raw_record_7', current_timestamp()),
(8, 'raw_record_8', current_timestamp()),
(9, 'raw_record_9', current_timestamp()),
(10, 'raw_record_10', current_timestamp()),
(11, 'raw_record_11', current_timestamp()),
(12, 'raw_record_12', current_timestamp()),
(13, 'raw_record_13', current_timestamp()),
(14, 'raw_record_14', current_timestamp()),
(15, 'raw_record_15', current_timestamp());
DROP VIEW IF EXISTS workspace.1st_dbt_project.bronze_raw_dpt

	at org.apache.spark.sql.hive.thriftserver.HiveThriftServerErrors$.runningQueryError(HiveThriftServerErrors.scala:58)
	at org.apache.spark.sql.hive.thriftserver.SparkExecuteStatementOperation.$anonfun$execute$1(SparkExecuteStatementOperation.scala:1235)
	at scala.runtime.java8.JFunction0$mcV$sp.apply(JFunction0$mcV$sp.scala:18)
	at com.databricks.unity.UCSEphemeralState$Handle.runWith(UCSEphemeralState.scala:51)
	at com.databricks.unity.HandleImpl.runWith(UCSHandle.scala:128)
	at org.apache.spark.sql.hive.thriftserver.SparkExecuteStatementOperation.org$apache$spark$sql$hive$thriftserver$SparkExecuteStatementOperation$$execute(SparkExecuteStatementOperation.scala:911)
	at org.apache.spark.sql.hive.thriftserver.SparkExecuteStatementOperation$$anon$2$$anon$3.$anonfun$run$6(SparkExecuteStatementOperation.scala:650)
	at scala.runtime.java8.JFunction0$mcV$sp.apply(JFunction0$mcV$sp.scala:18)
	at org.apache.spark.sql.execution.SQLExecution$.withRootExecution(SQLExecution.scala:1666)
	at org.apache.spark.sql.hive.thriftserver.SparkExecuteStatementOperation$$anon$2$$anon$3.$anonfun$run$3(SparkExecuteStatementOperation.scala:650)
	at scala.runtime.java8.JFunction0$mcV$sp.apply(JFunction0$mcV$sp.scala:18)
	at com.databricks.util.TracingSpanUtils$.withTracing(TracingSpanUtils.scala:251)
	at com.databricks.spark.util.DatabricksTracingHelper.withSpan(DatabricksSparkTracingHelper.scala:154)
	at com.databricks.spark.util.DBRTracing$.withSpan(DBRTracing.scala:87)
	at org.apache.spark.sql.hive.thriftserver.ThriftLocalProperties.$anonfun$withLocalProperties$18(ThriftLocalProperties.scala:366)
	at com.databricks.logging.AttributionContextTracing.$anonfun$withAttributionContext$1(AttributionContextTracing.scala:146)
	at com.databricks.logging.AttributionContext$.$anonfun$withValue$1(AttributionContext.scala:349)
	at scala.util.DynamicVariable.withValue(DynamicVariable.scala:59)
	at com.databricks.logging.AttributionContext$.withValue(AttributionContext.scala:345)
	at com.databricks.logging.AttributionContextTracing.withAttributionContext(AttributionContextTracing.scala:144)
	at com.databricks.logging.AttributionContextTracing.withAttributionContext$(AttributionContextTracing.scala:141)
	at com.databricks.spark.util.PublicDBLogging.withAttributionContext(DatabricksSparkUsageLogger.scala:29)
	at com.databricks.logging.AttributionContextTracing.withAttributionTags(AttributionContextTracing.scala:201)
	at com.databricks.logging.AttributionContextTracing.withAttributionTags$(AttributionContextTracing.scala:182)
	at com.databricks.spark.util.PublicDBLogging.withAttributionTags(DatabricksSparkUsageLogger.scala:29)
	at com.databricks.spark.util.PublicDBLogging.withAttributionTags0(DatabricksSparkUsageLogger.scala:108)
	at com.databricks.spark.util.DatabricksSparkUsageLogger.withAttributionTags(DatabricksSparkUsageLogger.scala:215)
	at com.databricks.spark.util.UsageLogging.$anonfun$withAttributionTags$1(UsageLogger.scala:668)
	at com.databricks.spark.util.UsageLogging$.withAttributionTags(UsageLogger.scala:780)
	at com.databricks.spark.util.UsageLogging$.withAttributionTags(UsageLogger.scala:789)
	at com.databricks.spark.util.UsageLogging.withAttributionTags(UsageLogger.scala:668)
	at com.databricks.spark.util.UsageLogging.withAttributionTags$(UsageLogger.scala:666)
	at org.apache.spark.sql.hive.thriftserver.SparkExecuteStatementOperation.withAttributionTags(SparkExecuteStatementOperation.scala:80)
	at org.apache.spark.sql.hive.thriftserver.ThriftLocalProperties.$anonfun$withLocalProperties$15(ThriftLocalProperties.scala:365)
	at com.databricks.spark.util.IdentityClaim$.withClaim(IdentityClaim.scala:48)
	at org.apache.spark.sql.hive.thriftserver.ThriftLocalProperties.withLocalProperties(ThriftLocalProperties.scala:360)
	at org.apache.spark.sql.hive.thriftserver.ThriftLocalProperties.withLocalProperties$(ThriftLocalProperties.scala:180)
	at org.apache.spark.sql.hive.thriftserver.SparkExecuteStatementOperation.withLocalProperties(SparkExecuteStatementOperation.scala:80)
	at org.apache.spark.sql.hive.thriftserver.SparkExecuteStatementOperation$$anon$2$$anon$3.$anonfun$run$2(SparkExecuteStatementOperation.scala:626)
	at scala.runtime.java8.JFunction0$mcV$sp.apply(JFunction0$mcV$sp.scala:18)
	at com.databricks.spark.util.DBRTracing$.withSpanFromParent(DBRTracing.scala:70)
	at org.apache.spark.sql.hive.thriftserver.SparkExecuteStatementOperation$$anon$2$$anon$3.run(SparkExecuteStatementOperation.scala:626)
	at org.apache.spark.sql.hive.thriftserver.SparkExecuteStatementOperation$$anon$2$$anon$3.run(SparkExecuteStatementOperation.scala:599)
	at java.base/java.security.AccessController.doPrivileged(AccessController.java:712)
	at java.base/javax.security.auth.Subject.doAs(Subject.java:439)
	at org.apache.hadoop.security.UserGroupInformation.doAs(UserGroupInformation.java:1953)
	at org.apache.spark.sql.hive.thriftserver.SparkExecuteStatementOperation$$anon$2.run(SparkExecuteStatementOperation.scala:664)
	at java.base/java.util.concurrent.Executors$RunnableAdapter.call(Executors.java:539)
	at java.base/java.util.concurrent.FutureTask.run(FutureTask.java:264)
	at java.base/java.util.concurrent.ThreadPoolExecutor.runWorker(ThreadPoolExecutor.java:1136)
	at java.base/java.util.concurrent.ThreadPoolExecutor$Worker.run(ThreadPoolExecutor.java:635)
	at java.base/java.lang.Thread.run(Thread.java:840)
Caused by: org.apache.spark.sql.catalyst.parser.ParseException: 
[PARSE_SYNTAX_ERROR] Syntax error at or near 'CREATE'. SQLSTATE: 42601 (line 19, pos 6)

== SQL ==
/* {"app": "dbt", "dbt_version": "1.12.0", "dbt_databricks_version": "1.12.4", "databricks_sql_connector_version": "4.4.0", "profile_name": "my_databricks_project", "target_name": "dev", "invocation_id": "74f48372-915c-44a6-ac29-e23c792eccfa", "node_id": "model.my_databricks_project.bronze_raw_dpt"} */

  
    
        create or replace table `workspace`.`1st_dbt_project`.`bronze_raw_dpt`
      
      
    using delta
  
      
      
      
      
      
      
      
      
      as
      CREATE OR REPLACE TABLE workspace.1st_dbt_project.dbt_raw (
------^^^
    id INT,
    customer_name STRING,
    created_at TIMESTAMP
);

INSERT INTO workspace.1st_dbt_project.dbt_raw VALUES
(1, 'raw_record_1', current_timestamp()),
(2, 'raw_record_2', current_timestamp()),
(3, 'raw_record_3', current_timestamp()),
(4, 'raw_record_4', current_timestamp()),
(5, 'raw_record_5', current_timestamp()),
(6, 'raw_record_6', current_timestamp()),
(7, 'raw_record_7', current_timestamp()),
(8, 'raw_record_8', current_timestamp()),
(9, 'raw_record_9', current_timestamp()),
(10, 'raw_record_10', current_timestamp()),
(11, 'raw_record_11', current_timestamp()),
(12, 'raw_record_12', current_timestamp()),
(13, 'raw_record_13', current_timestamp()),
(14, 'raw_record_14', current_timestamp()),
(15, 'raw_record_15', current_timestamp());
DROP VIEW IF EXISTS workspace.1st_dbt_project.bronze_raw_dpt

	at org.apache.spark.sql.catalyst.parser.ParseException.withCommand(parsers.scala:515)
	at org.apache.spark.sql.catalyst.parser.AbstractParser$.executeWithTwoStageStrategy(parsers.scala:329)
	at org.apache.spark.sql.catalyst.parser.SubstituteParamsParser.substitute(SubstituteParamsParser.scala:80)
	at org.apache.spark.sql.catalyst.parser.ParameterHandler$.performSubstitution(ParameterHandler.scala:83)
	at org.apache.spark.sql.catalyst.parser.ParameterHandler$.substituteParameters(ParameterHandler.scala:185)
	at org.apache.spark.sql.execution.SparkSqlParser.parseInternal(SparkSqlParser.scala:285)
	at org.apache.spark.sql.execution.SparkSqlParser.parseWithParameters(SparkSqlParser.scala:188)
	at org.apache.spark.sql.execution.SparkSqlParser.parsePlanWithParameters(SparkSqlParser.scala:202)
	at com.databricks.sql.QueryRuntimePredictionUtils$.$anonfun$getParsedPlanWithTracking$4(QueryRuntimePrediction.scala:492)
	at com.databricks.spark.util.FrameProfiler$.$anonfun$record$1(FrameProfiler.scala:114)
	at com.databricks.spark.util.FrameProfilerExporter$.maybeExportFrameProfiler(FrameProfilerExporter.scala:146)
	at com.databricks.spark.util.FrameProfiler$.record(FrameProfiler.scala:105)
	at org.apache.spark.sql.catalyst.QueryPlanningTracker.measurePhase(QueryPlanningTracker.scala:1040)
	at com.databricks.sql.QueryRuntimePredictionUtils$.$anonfun$getParsedPlanWithTracking$3(QueryRuntimePrediction.scala:457)
	at org.apache.spark.sql.catalyst.QueryPlanningTracker$.withTracker(QueryPlanningTracker.scala:275)
	at com.databricks.sql.QueryRuntimePredictionUtils$.$anonfun$getParsedPlanWithTracking$2(QueryRuntimePrediction.scala:457)
	at org.apache.spark.sql.execution.SQLExecution$.$anonfun$withExecutionPhase$1(SQLExecution.scala:362)
	at com.databricks.util.TracingSpanUtils$.withTracing(TracingSpanUtils.scala:251)
	at com.databricks.spark.util.DatabricksTracingHelper.withSpan(DatabricksSparkTracingHelper.scala:154)
	at com.databricks.spark.util.DBRTracing$.withSpan(DBRTracing.scala:87)
	at org.apache.spark.sql.execution.SQLExecution$.withExecutionPhase(SQLExecution.scala:343)
	at com.databricks.sql.QueryRuntimePredictionUtils$.$anonfun$getParsedPlanWithTracking$1(QueryRuntimePrediction.scala:456)
	at com.databricks.sql.util.MemoryTrackerHelper.withMemoryTracking(MemoryTrackerHelper.scala:111)
	at com.databricks.sql.QueryRuntimePredictionUtils$.getParsedPlanWithTracking(QueryRuntimePrediction.scala:452)
	at com.databricks.sql.QueryRuntimePrediction.$anonfun$getQueryExecutionWithParsedPlan$1(QueryRuntimePrediction.scala:894)
	at org.apache.spark.sql.SparkSession.withActive(SparkSession.scala:866)
	at com.databricks.sql.QueryRuntimePrediction.getQueryExecutionWithParsedPlan(QueryRuntimePrediction.scala:885)
	at com.databricks.sql.QueryRuntimePrediction.getRuntimeCategory(QueryRuntimePrediction.scala:609)
	at com.databricks.sql.ClusterLoadMonitor.$anonfun$getRuntimeCategory$3(ClusterLoadMonitor.scala:1230)
	at com.databricks.unity.UCSEphemeralState$Handle.runWith(UCSEphemeralState.scala:51)
	at com.databricks.unity.HandleImpl.runWith(UCSHandle.scala:128)
	at com.databricks.unity.HandleImpl.$anonfun$runWithAndClose$1(UCSHandle.scala:133)
	at scala.util.Using$.resource(Using.scala:296)
	at com.databricks.unity.HandleImpl.runWithAndClose(UCSHandle.scala:132)
	at com.databricks.sql.ClusterLoadMonitor.$anonfun$getRuntimeCategory$2(ClusterLoadMonitor.scala:1225)
	at java.base/java.util.concurrent.CompletableFuture$AsyncSupply.run(CompletableFuture.java:1768)
	at org.apache.spark.util.threads.SparkThreadLocalCapturingRunnable.$anonfun$run$1(SparkThreadLocalForwardingThreadPoolExecutor.scala:171)
	at scala.runtime.java8.JFunction0$mcV$sp.apply(JFunction0$mcV$sp.scala:18)
	at com.databricks.spark.util.DBRTracing$.withSpanFromParent(DBRTracing.scala:70)
	at org.apache.spark.util.threads.SparkThreadLocalCapturingHelper.$anonfun$runWithCaptured$7(SparkThreadLocalForwardingThreadPoolExecutor.scala:124)
	at com.databricks.util.LexicalThreadLocal$Handle.runWith(LexicalThreadLocal.scala:63)
	at org.apache.spark.util.threads.SparkThreadLocalCapturingHelper.$anonfun$runWithCaptured$6(SparkThreadLocalForwardingThreadPoolExecutor.scala:123)
	at com.databricks.sql.transaction.tahoe.mst.MSTThreadHelper$.runWithMSTContext(MSTThreadHelper.scala:77)
	at org.apache.spark.util.threads.SparkThreadLocalCapturingHelper.$anonfun$runWithCaptured$5(SparkThreadLocalForwardingThreadPoolExecutor.scala:120)
	at com.databricks.spark.util.IdentityClaim$.withClaim(IdentityClaim.scala:48)
	at org.apache.spark.util.threads.SparkThreadLocalCapturingHelper.$anonfun$runWithCaptured$4(SparkThreadLocalForwardingThreadPoolExecutor.scala:119)
	at com.databricks.unity.UCSEphemeralState$Handle.runWith(UCSEphemeralState.scala:51)
	at org.apache.spark.util.threads.SparkThreadLocalCapturingHelper.runWithCaptured(SparkThreadLocalForwardingThreadPoolExecutor.scala:118)
	at org.apache.spark.util.threads.SparkThreadLocalCapturingHelper.runWithCaptured$(SparkThreadLocalForwardingThreadPoolExecutor.scala:95)
	at org.apache.spark.util.threads.SparkThreadLocalCapturingRunnable.runWithCaptured(SparkThreadLocalForwardingThreadPoolExecutor.scala:168)
	at org.apache.spark.util.threads.SparkThreadLocalCapturingRunnable.run(SparkThreadLocalForwardingThreadPoolExecutor.scala:171)
	... 3 more
, operation-id=01f1a6c4-5ca1-1cb3-81d4-268172221f5d
[0m16:49:31.296034 [debug] [Thread-3 (]: On model.my_databricks_project.bronze_raw_dpt: Close
[0m16:49:31.296998 [debug] [Thread-3 (]: Databricks adapter: Connection(session-id=01f1a6c4-5bbd-107d-80f9-7efdf0b5487b) - Closing
[0m16:49:31.668865 [debug] [Thread-3 (]: Database Error in model bronze_raw_dpt (models\bronze\bronze_raw_dpt.sql)
  
  [PARSE_SYNTAX_ERROR] Syntax error at or near 'CREATE'. SQLSTATE: 42601 (line 19, pos 6)
  
  == SQL ==
  /* {"app": "dbt", "dbt_version": "1.12.0", "dbt_databricks_version": "1.12.4", "databricks_sql_connector_version": "4.4.0", "profile_name": "my_databricks_project", "target_name": "dev", "invocation_id": "74f48372-915c-44a6-ac29-e23c792eccfa", "node_id": "model.my_databricks_project.bronze_raw_dpt"} */
  
    
      
          create or replace table `workspace`.`1st_dbt_project`.`bronze_raw_dpt`
        
        
      using delta
    
        
        
        
        
        
        
        
        
        as
        CREATE OR REPLACE TABLE workspace.1st_dbt_project.dbt_raw (
  ------^^^
      id INT,
      customer_name STRING,
      created_at TIMESTAMP
  );
  
  INSERT INTO workspace.1st_dbt_project.dbt_raw VALUES
  (1, 'raw_record_1', current_timestamp()),
  (2, 'raw_record_2', current_timestamp()),
  (3, 'raw_record_3', current_timestamp()),
  (4, 'raw_record_4', current_timestamp()),
  (5, 'raw_record_5', current_timestamp()),
  (6, 'raw_record_6', current_timestamp()),
  (7, 'raw_record_7', current_timestamp()),
  (8, 'raw_record_8', current_timestamp()),
  (9, 'raw_record_9', current_timestamp()),
  (10, 'raw_record_10', current_timestamp()),
  (11, 'raw_record_11', current_timestamp()),
  (12, 'raw_record_12', current_timestamp()),
  (13, 'raw_record_13', current_timestamp()),
  (14, 'raw_record_14', current_timestamp()),
  (15, 'raw_record_15', current_timestamp());
  DROP VIEW IF EXISTS workspace.1st_dbt_project.bronze_raw_dpt
  
  compiled code at target\run\my_databricks_project\models\bronze\bronze_raw_dpt.sql
[0m16:49:31.674451 [debug] [Thread-3 (]: Sending event: {'category': 'dbt', 'action': 'run_model', 'label': '74f48372-915c-44a6-ac29-e23c792eccfa', 'context': [<snowplow_tracker.self_describing_json.SelfDescribingJson object at 0x000002BB69CF6E10>]}
[0m16:49:31.676141 [error] [Thread-3 (]: 1 of 3 ERROR creating sql table model 1st_dbt_project.bronze_raw_dpt ........... [[31mERROR[0m in 3.74s]
[0m16:49:31.678171 [debug] [Thread-3 (]: Finished running node model.my_databricks_project.bronze_raw_dpt
[0m16:49:31.679789 [debug] [Thread-9 (]: Marking all children of 'model.my_databricks_project.bronze_raw_dpt' to be skipped because of status 'error'.  Reason: Database Error in model bronze_raw_dpt (models\bronze\bronze_raw_dpt.sql)
  
  [PARSE_SYNTAX_ERROR] Syntax error at or near 'CREATE'. SQLSTATE: 42601 (line 19, pos 6)
  
  == SQL ==
  /* {"app": "dbt", "dbt_version": "1.12.0", "dbt_databricks_version": "1.12.4", "databricks_sql_connector_version": "4.4.0", "profile_name": "my_databricks_project", "target_name": "dev", "invocation_id": "74f48372-915c-44a6-ac29-e23c792eccfa", "node_id": "model.my_databricks_project.bronze_raw_dpt"} */
  
    
      
          create or replace table `workspace`.`1st_dbt_project`.`bronze_raw_dpt`
        
        
      using delta
    
        
        
        
        
        
        
        
        
        as
        CREATE OR REPLACE TABLE workspace.1st_dbt_project.dbt_raw (
  ------^^^
      id INT,
      customer_name STRING,
      created_at TIMESTAMP
  );
  
  INSERT INTO workspace.1st_dbt_project.dbt_raw VALUES
  (1, 'raw_record_1', current_timestamp()),
  (2, 'raw_record_2', current_timestamp()),
  (3, 'raw_record_3', current_timestamp()),
  (4, 'raw_record_4', current_timestamp()),
  (5, 'raw_record_5', current_timestamp()),
  (6, 'raw_record_6', current_timestamp()),
  (7, 'raw_record_7', current_timestamp()),
  (8, 'raw_record_8', current_timestamp()),
  (9, 'raw_record_9', current_timestamp()),
  (10, 'raw_record_10', current_timestamp()),
  (11, 'raw_record_11', current_timestamp()),
  (12, 'raw_record_12', current_timestamp()),
  (13, 'raw_record_13', current_timestamp()),
  (14, 'raw_record_14', current_timestamp()),
  (15, 'raw_record_15', current_timestamp());
  DROP VIEW IF EXISTS workspace.1st_dbt_project.bronze_raw_dpt
  
  compiled code at target\run\my_databricks_project\models\bronze\bronze_raw_dpt.sql.
[0m16:49:31.682928 [debug] [Thread-4 (]: Began running node model.my_databricks_project.silver_cleaned_dpt
[0m16:49:31.684759 [info ] [Thread-4 (]: 2 of 3 SKIP relation 1st_DBT_PROJECT.silver_cleaned_dpt ........................ [[33mSKIP[0m]
[0m16:49:31.686574 [debug] [Thread-4 (]: Finished running node model.my_databricks_project.silver_cleaned_dpt
[0m16:49:31.688453 [debug] [Thread-5 (]: Began running node model.my_databricks_project.gold_summary_dpt
[0m16:49:31.689647 [info ] [Thread-5 (]: 3 of 3 SKIP relation 1st_DBT_PROJECT.gold_summary_dpt .......................... [[33mSKIP[0m]
[0m16:49:31.691078 [debug] [Thread-5 (]: Finished running node model.my_databricks_project.gold_summary_dpt
[0m16:49:31.694578 [debug] [MainThread]: Databricks adapter: DatabricksDBTConnection(session-id=None, name=master) - Creating connection
[0m16:49:31.695476 [debug] [MainThread]: Acquiring new databricks connection 'master'
[0m16:49:31.697203 [info ] [MainThread]: 
[0m16:49:31.698243 [info ] [MainThread]: Finished running 3 table models in 0 hours 0 minutes and 15.21 seconds (15.21s).
[0m16:49:31.700710 [debug] [MainThread]: Command end result
[0m16:49:31.781361 [debug] [MainThread]: Wrote artifact WritableManifest to C:\Users\X280\dbt_project\target\manifest.json
[0m16:49:31.787549 [debug] [MainThread]: Wrote artifact SemanticManifest to C:\Users\X280\dbt_project\target\semantic_manifest.json
[0m16:49:31.791904 [debug] [MainThread]: Wrote artifact OsiDocument to C:\Users\X280\dbt_project\target\osi_document.json
[0m16:49:31.801258 [debug] [MainThread]: Wrote artifact RunExecutionResult to C:\Users\X280\dbt_project\target\run_results.json
[0m16:49:31.801732 [info ] [MainThread]: 
[0m16:49:31.802339 [info ] [MainThread]: [31mCompleted with 1 error, 0 partial successes, and 0 warnings:[0m
[0m16:49:31.802925 [info ] [MainThread]: 
[0m16:49:31.803598 [error] [MainThread]: [[31mERROR[0m]: in model bronze_raw_dpt (models\bronze\bronze_raw_dpt.sql)
[0m16:49:31.804284 [error] [MainThread]:   Database Error in model bronze_raw_dpt (models\bronze\bronze_raw_dpt.sql)
  
  [PARSE_SYNTAX_ERROR] Syntax error at or near 'CREATE'. SQLSTATE: 42601 (line 19, pos 6)
  
  == SQL ==
  /* {"app": "dbt", "dbt_version": "1.12.0", "dbt_databricks_version": "1.12.4", "databricks_sql_connector_version": "4.4.0", "profile_name": "my_databricks_project", "target_name": "dev", "invocation_id": "74f48372-915c-44a6-ac29-e23c792eccfa", "node_id": "model.my_databricks_project.bronze_raw_dpt"} */
  
    
      
          create or replace table `workspace`.`1st_dbt_project`.`bronze_raw_dpt`
        
        
      using delta
    
        
        
        
        
        
        
        
        
        as
        CREATE OR REPLACE TABLE workspace.1st_dbt_project.dbt_raw (
  ------^^^
      id INT,
      customer_name STRING,
      created_at TIMESTAMP
  );
  
  INSERT INTO workspace.1st_dbt_project.dbt_raw VALUES
  (1, 'raw_record_1', current_timestamp()),
  (2, 'raw_record_2', current_timestamp()),
  (3, 'raw_record_3', current_timestamp()),
  (4, 'raw_record_4', current_timestamp()),
  (5, 'raw_record_5', current_timestamp()),
  (6, 'raw_record_6', current_timestamp()),
  (7, 'raw_record_7', current_timestamp()),
  (8, 'raw_record_8', current_timestamp()),
  (9, 'raw_record_9', current_timestamp()),
  (10, 'raw_record_10', current_timestamp()),
  (11, 'raw_record_11', current_timestamp()),
  (12, 'raw_record_12', current_timestamp()),
  (13, 'raw_record_13', current_timestamp()),
  (14, 'raw_record_14', current_timestamp()),
  (15, 'raw_record_15', current_timestamp());
  DROP VIEW IF EXISTS workspace.1st_dbt_project.bronze_raw_dpt
  
  compiled code at target\run\my_databricks_project\models\bronze\bronze_raw_dpt.sql
[0m16:49:31.804969 [info ] [MainThread]: 
[0m16:49:31.805589 [info ] [MainThread]:   compiled code at target\compiled\my_databricks_project\models\bronze\bronze_raw_dpt.sql
[0m16:49:31.806053 [info ] [MainThread]: 
[0m16:49:31.806622 [info ] [MainThread]: Done. PASS=0 WARN=0 ERROR=1 SKIP=2 NO-OP=0 REUSED=0 TOTAL=3
[0m16:49:31.808243 [debug] [MainThread]: Command `dbt run` failed at 16:49:31.808045 after 25.42 seconds
[0m16:49:31.808778 [debug] [MainThread]: Sending event: {'category': 'dbt', 'action': 'invocation', 'label': 'end', 'context': [<snowplow_tracker.self_describing_json.SelfDescribingJson object at 0x000002BB69E154F0>, <snowplow_tracker.self_describing_json.SelfDescribingJson object at 0x000002BB69CBBE30>, <snowplow_tracker.self_describing_json.SelfDescribingJson object at 0x000002BB69D4AD50>]}
[0m16:49:31.809457 [debug] [MainThread]: Flushing usage events
[0m16:49:33.679910 [debug] [MainThread]: An error was encountered while trying to flush usage events
[0m16:55:50.076905 [debug] [MainThread]: Sending event: {'category': 'dbt', 'action': 'invocation', 'label': 'start', 'context': [<snowplow_tracker.self_describing_json.SelfDescribingJson object at 0x00000237F552ABA0>, <snowplow_tracker.self_describing_json.SelfDescribingJson object at 0x00000237F2E6CA50>, <snowplow_tracker.self_describing_json.SelfDescribingJson object at 0x00000237F7E83890>]}


============================== 16:55:50.104464 | 2d8aa04f-dfef-41ee-b079-07d51a88a711 ==============================
[0m16:55:50.104464 [info ] [MainThread]: Running with dbt=1.12.0
[0m16:55:50.106091 [debug] [MainThread]: running dbt with arguments {'static_parser': 'True', 'no_print': 'None', 'maximum_seed_size_mib': '1', 'target_path': 'None', 'warn_error_options': 'WarnErrorOptionsV2(error=[], warn=[], silence=[])', 'version_check': 'True', 'printer_width': '80', 'write_json': 'True', 'introspect': 'True', 'log_cache_events': 'False', 'empty': 'False', 'cache_selected_only': 'False', 'log_format': 'default', 'debug': 'False', 'fail_fast': 'False', 'partial_parse': 'True', 'send_anonymous_usage_stats': 'True', 'quiet': 'False', 'warn_error': 'None', 'profiles_dir': 'C:\\Users\\X280\\.dbt', 'indirect_selection': 'eager', 'hints_enabled': 'True', 'invocation_command': 'dbt run', 'use_experimental_parser': 'False', 'use_colors': 'True', 'log_path': 'C:\\Users\\X280\\dbt_project\\logs'}
[0m16:55:54.149871 [debug] [MainThread]: Spark adapter: Setting pyhive.hive logging to ERROR
[0m16:55:54.150938 [debug] [MainThread]: Spark adapter: Setting thrift.transport logging to ERROR
[0m16:55:54.151885 [debug] [MainThread]: Spark adapter: Setting thrift.protocol logging to ERROR
[0m16:56:00.481991 [debug] [MainThread]: Sending event: {'category': 'dbt', 'action': 'project_id', 'label': '2d8aa04f-dfef-41ee-b079-07d51a88a711', 'context': [<snowplow_tracker.self_describing_json.SelfDescribingJson object at 0x000002378C6CC3E0>]}
[0m16:56:00.649357 [debug] [MainThread]: Sending event: {'category': 'dbt', 'action': 'adapter_info', 'label': '2d8aa04f-dfef-41ee-b079-07d51a88a711', 'context': [<snowplow_tracker.self_describing_json.SelfDescribingJson object at 0x00000237F60E6E00>]}
[0m16:56:00.650312 [info ] [MainThread]: Registered adapter: databricks=1.12.4
[0m16:56:01.561890 [debug] [MainThread]: checksum: 3dc68700ad7a368beffc73dbf81da035a64fcd39467072f1285d90f066942faf, vars: {}, profile: my_databricks_project, target: dev, version: 1.12.0
[0m16:56:02.305441 [debug] [MainThread]: Partial parsing enabled: 0 files deleted, 0 files added, 1 files changed.
[0m16:56:02.307226 [debug] [MainThread]: Partial parsing: updated file: my_databricks_project://models\bronze\bronze_raw_dpt.sql
[0m16:56:03.361918 [debug] [MainThread]: Sending event: {'category': 'dbt', 'action': 'load_project', 'label': '2d8aa04f-dfef-41ee-b079-07d51a88a711', 'context': [<snowplow_tracker.self_describing_json.SelfDescribingJson object at 0x000002378CF05750>]}
[0m16:56:03.493158 [debug] [MainThread]: Wrote artifact WritableManifest to C:\Users\X280\dbt_project\target\manifest.json
[0m16:56:03.503709 [debug] [MainThread]: Wrote artifact SemanticManifest to C:\Users\X280\dbt_project\target\semantic_manifest.json
[0m16:56:03.631753 [debug] [MainThread]: Wrote artifact OsiDocument to C:\Users\X280\dbt_project\target\osi_document.json
[0m16:56:03.786667 [debug] [MainThread]: Sending event: {'category': 'dbt', 'action': 'resource_counts', 'label': '2d8aa04f-dfef-41ee-b079-07d51a88a711', 'context': [<snowplow_tracker.self_describing_json.SelfDescribingJson object at 0x000002378D00F980>]}
[0m16:56:03.787714 [info ] [MainThread]: Found 3 models, 773 macros
[0m16:56:03.788751 [debug] [MainThread]: Sending event: {'category': 'dbt', 'action': 'runnable_timing', 'label': '2d8aa04f-dfef-41ee-b079-07d51a88a711', 'context': [<snowplow_tracker.self_describing_json.SelfDescribingJson object at 0x000002378D047770>]}
[0m16:56:03.797961 [info ] [MainThread]: 
[0m16:56:03.799224 [info ] [MainThread]: Concurrency: 4 threads (target='dev')
[0m16:56:03.800375 [info ] [MainThread]: 
[0m16:56:03.801968 [debug] [MainThread]: Databricks adapter: DatabricksDBTConnection(session-id=None, name=master) - Creating connection
[0m16:56:03.802606 [debug] [MainThread]: Acquiring new databricks connection 'master'
[0m16:56:03.821546 [debug] [ThreadPool]: Databricks adapter: DatabricksDBTConnection(session-id=None, name=list_workspace) - Creating connection
[0m16:56:03.822179 [debug] [ThreadPool]: Acquiring new databricks connection 'list_workspace'
[0m16:56:03.852964 [debug] [ThreadPool]: Using databricks connection "list_workspace"
[0m16:56:03.853941 [debug] [ThreadPool]: On list_workspace: /* {"app": "dbt", "dbt_version": "1.12.0", "dbt_databricks_version": "1.12.4", "databricks_sql_connector_version": "4.4.0", "profile_name": "my_databricks_project", "target_name": "dev", "invocation_id": "2d8aa04f-dfef-41ee-b079-07d51a88a711", "connection_name": "list_workspace"} */

    

  SHOW SCHEMAS IN `workspace`


  
[0m16:56:03.854722 [debug] [ThreadPool]: Opening a new connection, currently in state init
[0m16:56:11.805036 [debug] [ThreadPool]: Databricks adapter: Connection(session-id=01f1a6c5-4ada-1ec4-8da8-04321384e63e) - Created
[0m16:56:12.550933 [debug] [ThreadPool]: SQL status: OK in 8.700 seconds
[0m16:56:12.687576 [debug] [ThreadPool]: Databricks adapter: Cursor(session-id=01f1a6c5-4ada-1ec4-8da8-04321384e63e, command-id=01f1a6c5-4bc2-1a87-8a2d-2d80ca4d5958) - Closing
[0m16:56:12.690034 [debug] [ThreadPool]: On list_workspace: Close
[0m16:56:12.691501 [debug] [ThreadPool]: Databricks adapter: Connection(session-id=01f1a6c5-4ada-1ec4-8da8-04321384e63e) - Closing
[0m16:56:13.025384 [debug] [ThreadPool]: Databricks adapter: DatabricksDBTConnection(session-id=None, name=list_workspace_1st_DBT_PROJECT) - Creating connection
[0m16:56:13.026391 [debug] [ThreadPool]: Acquiring new databricks connection 'list_workspace_1st_DBT_PROJECT'
[0m16:56:13.034119 [debug] [ThreadPool]: Using databricks connection "list_workspace_1st_DBT_PROJECT"
[0m16:56:13.034905 [debug] [ThreadPool]: On list_workspace_1st_DBT_PROJECT: /* {"app": "dbt", "dbt_version": "1.12.0", "dbt_databricks_version": "1.12.4", "databricks_sql_connector_version": "4.4.0", "profile_name": "my_databricks_project", "target_name": "dev", "invocation_id": "2d8aa04f-dfef-41ee-b079-07d51a88a711", "connection_name": "list_workspace_1st_DBT_PROJECT"} */

    
SELECT
  table_name,
  if(table_type IN ('EXTERNAL', 'MANAGED', 'MANAGED_SHALLOW_CLONE', 'EXTERNAL_SHALLOW_CLONE'), 'table', lower(table_type)) AS table_type,
  lower(data_source_format) AS file_format,
  table_owner,
  if(
    table_type IN (
      'EXTERNAL',
      'MANAGED',
      'MANAGED_SHALLOW_CLONE',
      'EXTERNAL_SHALLOW_CLONE'
    ),
    lower(table_type),
    NULL
  ) AS databricks_table_type
FROM `system`.`information_schema`.`tables`
WHERE table_catalog = 'workspace'
  AND table_schema = '1st_dbt_project'

  
[0m16:56:13.035555 [debug] [ThreadPool]: Opening a new connection, currently in state init
[0m16:56:14.674645 [debug] [ThreadPool]: Databricks adapter: Connection(session-id=01f1a6c5-4d31-1515-b134-be49b025abf8) - Created
[0m16:56:15.847868 [debug] [ThreadPool]: SQL status: OK in 2.810 seconds
[0m16:56:15.897779 [debug] [ThreadPool]: Databricks adapter: Cursor(session-id=01f1a6c5-4d31-1515-b134-be49b025abf8, command-id=01f1a6c5-4d78-1070-b13c-4cf60db07230) - Closing
[0m16:56:15.900579 [debug] [ThreadPool]: On list_workspace_1st_DBT_PROJECT: Close
[0m16:56:15.902005 [debug] [ThreadPool]: Databricks adapter: Connection(session-id=01f1a6c5-4d31-1515-b134-be49b025abf8) - Closing
[0m16:56:16.284339 [debug] [MainThread]: Sending event: {'category': 'dbt', 'action': 'runnable_timing', 'label': '2d8aa04f-dfef-41ee-b079-07d51a88a711', 'context': [<snowplow_tracker.self_describing_json.SelfDescribingJson object at 0x000002378D0DC600>]}
[0m16:56:16.335071 [debug] [Thread-3 (]: Began running node model.my_databricks_project.bronze_raw_dpt
[0m16:56:16.339410 [info ] [Thread-3 (]: 1 of 3 START sql table model 1st_dbt_project.bronze_raw_dpt .................... [RUN]
[0m16:56:16.354016 [debug] [Thread-3 (]: Databricks adapter: DatabricksDBTConnection(session-id=None, name=model.my_databricks_project.bronze_raw_dpt) - Creating connection
[0m16:56:16.360057 [debug] [Thread-3 (]: Acquiring new databricks connection 'model.my_databricks_project.bronze_raw_dpt'
[0m16:56:16.365040 [debug] [Thread-3 (]: Began compiling node model.my_databricks_project.bronze_raw_dpt
[0m16:56:16.404726 [debug] [Thread-3 (]: Writing injected SQL for node "model.my_databricks_project.bronze_raw_dpt"
[0m16:56:16.406862 [debug] [Thread-3 (]: Began executing node model.my_databricks_project.bronze_raw_dpt
[0m16:56:16.455335 [debug] [Thread-3 (]: MATERIALIZING TABLE
[0m16:56:16.624155 [debug] [Thread-3 (]: Using databricks connection "model.my_databricks_project.bronze_raw_dpt"
[0m16:56:16.626184 [debug] [Thread-3 (]: On model.my_databricks_project.bronze_raw_dpt: /* {"app": "dbt", "dbt_version": "1.12.0", "dbt_databricks_version": "1.12.4", "databricks_sql_connector_version": "4.4.0", "profile_name": "my_databricks_project", "target_name": "dev", "invocation_id": "2d8aa04f-dfef-41ee-b079-07d51a88a711", "node_id": "model.my_databricks_project.bronze_raw_dpt"} */
SELECT
    table_catalog,
    table_schema,
    table_name,
    filter_name,
    target_columns
  FROM `workspace`.`information_schema`.`row_filters`
  WHERE table_catalog = 'workspace'
    AND table_schema = '1st_dbt_project'
    AND table_name = 'bronze_raw_dpt'
[0m16:56:16.627954 [debug] [Thread-3 (]: Opening a new connection, currently in state init
[0m16:56:18.240028 [debug] [Thread-3 (]: Databricks adapter: Connection(session-id=01f1a6c5-4f41-17f9-853b-e467f036fefd) - Created
[0m16:56:19.138186 [debug] [Thread-3 (]: SQL status: OK in 2.510 seconds
[0m16:56:19.149632 [debug] [Thread-3 (]: Databricks adapter: Cursor(session-id=01f1a6c5-4f41-17f9-853b-e467f036fefd, command-id=01f1a6c5-4f95-14cd-9216-72f5e59ee280) - Closing
[0m16:56:19.305234 [debug] [Thread-3 (]: Writing runtime sql for node "model.my_databricks_project.bronze_raw_dpt"
[0m16:56:19.307611 [debug] [Thread-3 (]: Using databricks connection "model.my_databricks_project.bronze_raw_dpt"
[0m16:56:19.309169 [debug] [Thread-3 (]: On model.my_databricks_project.bronze_raw_dpt: /* {"app": "dbt", "dbt_version": "1.12.0", "dbt_databricks_version": "1.12.4", "databricks_sql_connector_version": "4.4.0", "profile_name": "my_databricks_project", "target_name": "dev", "invocation_id": "2d8aa04f-dfef-41ee-b079-07d51a88a711", "node_id": "model.my_databricks_project.bronze_raw_dpt"} */

  
    
        create or replace table `workspace`.`1st_dbt_project`.`bronze_raw_dpt`
      
      
    using delta
  
      
      
      
      
      
      
      
      
      as
      SELECT 
    id,
    customer_name,
    created_at
FROM workspace.1st_dbt_project.dbt_raw
  
[0m16:56:19.967036 [debug] [Thread-3 (]: Databricks adapter: Exception while trying to execute query
/* {"app": "dbt", "dbt_version": "1.12.0", "dbt_databricks_version": "1.12.4", "databricks_sql_connector_version": "4.4.0", "profile_name": "my_databricks_project", "target_name": "dev", "invocation_id": "2d8aa04f-dfef-41ee-b079-07d51a88a711", "node_id": "model.my_databricks_project.bronze_raw_dpt"} */

  
    
        create or replace table `workspace`.`1st_dbt_project`.`bronze_raw_dpt`
      
      
    using delta
  
      
      
      
      
      
      
      
      
      as
      SELECT 
    id,
    customer_name,
    created_at
FROM workspace.1st_dbt_project.dbt_raw
  
: [UNRESOLVED_COLUMN.WITH_SUGGESTION] A column, variable, or function parameter with name `customer_name` cannot be resolved. Did you mean one of the following? [`created_at`, `name`, `id`]. SQLSTATE: 42703; line 21 pos 4
Error properties: diagnostic-info=org.apache.hive.service.cli.HiveSQLException: Error running query: [UNRESOLVED_COLUMN.WITH_SUGGESTION] org.apache.spark.sql.catalyst.ExtendedAnalysisException: [UNRESOLVED_COLUMN.WITH_SUGGESTION] A column, variable, or function parameter with name `customer_name` cannot be resolved. Did you mean one of the following? [`created_at`, `name`, `id`]. SQLSTATE: 42703; line 21 pos 4
	at org.apache.spark.sql.hive.thriftserver.HiveThriftServerErrors$.runningQueryError(HiveThriftServerErrors.scala:58)
	at org.apache.spark.sql.hive.thriftserver.SparkExecuteStatementOperation.$anonfun$execute$1(SparkExecuteStatementOperation.scala:1235)
	at scala.runtime.java8.JFunction0$mcV$sp.apply(JFunction0$mcV$sp.scala:18)
	at com.databricks.unity.UCSEphemeralState$Handle.runWith(UCSEphemeralState.scala:51)
	at com.databricks.unity.HandleImpl.runWith(UCSHandle.scala:128)
	at org.apache.spark.sql.hive.thriftserver.SparkExecuteStatementOperation.org$apache$spark$sql$hive$thriftserver$SparkExecuteStatementOperation$$execute(SparkExecuteStatementOperation.scala:911)
	at org.apache.spark.sql.hive.thriftserver.SparkExecuteStatementOperation$$anon$2$$anon$3.$anonfun$run$6(SparkExecuteStatementOperation.scala:650)
	at scala.runtime.java8.JFunction0$mcV$sp.apply(JFunction0$mcV$sp.scala:18)
	at org.apache.spark.sql.execution.SQLExecution$.withRootExecution(SQLExecution.scala:1666)
	at org.apache.spark.sql.hive.thriftserver.SparkExecuteStatementOperation$$anon$2$$anon$3.$anonfun$run$3(SparkExecuteStatementOperation.scala:650)
	at scala.runtime.java8.JFunction0$mcV$sp.apply(JFunction0$mcV$sp.scala:18)
	at com.databricks.util.TracingSpanUtils$.withTracing(TracingSpanUtils.scala:251)
	at com.databricks.spark.util.DatabricksTracingHelper.withSpan(DatabricksSparkTracingHelper.scala:154)
	at com.databricks.spark.util.DBRTracing$.withSpan(DBRTracing.scala:87)
	at org.apache.spark.sql.hive.thriftserver.ThriftLocalProperties.$anonfun$withLocalProperties$18(ThriftLocalProperties.scala:366)
	at com.databricks.logging.AttributionContextTracing.$anonfun$withAttributionContext$1(AttributionContextTracing.scala:146)
	at com.databricks.logging.AttributionContext$.$anonfun$withValue$1(AttributionContext.scala:349)
	at scala.util.DynamicVariable.withValue(DynamicVariable.scala:59)
	at com.databricks.logging.AttributionContext$.withValue(AttributionContext.scala:345)
	at com.databricks.logging.AttributionContextTracing.withAttributionContext(AttributionContextTracing.scala:144)
	at com.databricks.logging.AttributionContextTracing.withAttributionContext$(AttributionContextTracing.scala:141)
	at com.databricks.spark.util.PublicDBLogging.withAttributionContext(DatabricksSparkUsageLogger.scala:29)
	at com.databricks.logging.AttributionContextTracing.withAttributionTags(AttributionContextTracing.scala:201)
	at com.databricks.logging.AttributionContextTracing.withAttributionTags$(AttributionContextTracing.scala:182)
	at com.databricks.spark.util.PublicDBLogging.withAttributionTags(DatabricksSparkUsageLogger.scala:29)
	at com.databricks.spark.util.PublicDBLogging.withAttributionTags0(DatabricksSparkUsageLogger.scala:108)
	at com.databricks.spark.util.DatabricksSparkUsageLogger.withAttributionTags(DatabricksSparkUsageLogger.scala:215)
	at com.databricks.spark.util.UsageLogging.$anonfun$withAttributionTags$1(UsageLogger.scala:668)
	at com.databricks.spark.util.UsageLogging$.withAttributionTags(UsageLogger.scala:780)
	at com.databricks.spark.util.UsageLogging$.withAttributionTags(UsageLogger.scala:789)
	at com.databricks.spark.util.UsageLogging.withAttributionTags(UsageLogger.scala:668)
	at com.databricks.spark.util.UsageLogging.withAttributionTags$(UsageLogger.scala:666)
	at org.apache.spark.sql.hive.thriftserver.SparkExecuteStatementOperation.withAttributionTags(SparkExecuteStatementOperation.scala:80)
	at org.apache.spark.sql.hive.thriftserver.ThriftLocalProperties.$anonfun$withLocalProperties$15(ThriftLocalProperties.scala:365)
	at com.databricks.spark.util.IdentityClaim$.withClaim(IdentityClaim.scala:48)
	at org.apache.spark.sql.hive.thriftserver.ThriftLocalProperties.withLocalProperties(ThriftLocalProperties.scala:360)
	at org.apache.spark.sql.hive.thriftserver.ThriftLocalProperties.withLocalProperties$(ThriftLocalProperties.scala:180)
	at org.apache.spark.sql.hive.thriftserver.SparkExecuteStatementOperation.withLocalProperties(SparkExecuteStatementOperation.scala:80)
	at org.apache.spark.sql.hive.thriftserver.SparkExecuteStatementOperation$$anon$2$$anon$3.$anonfun$run$2(SparkExecuteStatementOperation.scala:626)
	at scala.runtime.java8.JFunction0$mcV$sp.apply(JFunction0$mcV$sp.scala:18)
	at com.databricks.spark.util.DBRTracing$.withSpanFromParent(DBRTracing.scala:70)
	at org.apache.spark.sql.hive.thriftserver.SparkExecuteStatementOperation$$anon$2$$anon$3.run(SparkExecuteStatementOperation.scala:626)
	at org.apache.spark.sql.hive.thriftserver.SparkExecuteStatementOperation$$anon$2$$anon$3.run(SparkExecuteStatementOperation.scala:599)
	at java.base/java.security.AccessController.doPrivileged(AccessController.java:712)
	at java.base/javax.security.auth.Subject.doAs(Subject.java:439)
	at org.apache.hadoop.security.UserGroupInformation.doAs(UserGroupInformation.java:1953)
	at org.apache.spark.sql.hive.thriftserver.SparkExecuteStatementOperation$$anon$2.run(SparkExecuteStatementOperation.scala:664)
	at java.base/java.util.concurrent.Executors$RunnableAdapter.call(Executors.java:539)
	at java.base/java.util.concurrent.FutureTask.run(FutureTask.java:264)
	at java.base/java.util.concurrent.ThreadPoolExecutor.runWorker(ThreadPoolExecutor.java:1136)
	at java.base/java.util.concurrent.ThreadPoolExecutor$Worker.run(ThreadPoolExecutor.java:635)
	at java.base/java.lang.Thread.run(Thread.java:840)
Caused by: org.apache.spark.sql.catalyst.ExtendedAnalysisException: [UNRESOLVED_COLUMN.WITH_SUGGESTION] A column, variable, or function parameter with name `customer_name` cannot be resolved. Did you mean one of the following? [`created_at`, `name`, `id`]. SQLSTATE: 42703; line 21 pos 4
	at org.apache.spark.sql.catalyst.ExtendedAnalysisException.copyPlan(ExtendedAnalysisException.scala:97)
	at org.apache.spark.sql.hive.thriftserver.SparkExecuteStatementOperation.$anonfun$execute$1(SparkExecuteStatementOperation.scala:1188)
	... 50 more
, operation-id=01f1a6c5-5039-1f49-9aab-0008e6f340f5
[0m16:56:19.971142 [debug] [Thread-3 (]: On model.my_databricks_project.bronze_raw_dpt: Close
[0m16:56:19.972862 [debug] [Thread-3 (]: Databricks adapter: Connection(session-id=01f1a6c5-4f41-17f9-853b-e467f036fefd) - Closing
[0m16:56:20.426369 [debug] [Thread-3 (]: Database Error in model bronze_raw_dpt (models\bronze\bronze_raw_dpt.sql)
  [UNRESOLVED_COLUMN.WITH_SUGGESTION] A column, variable, or function parameter with name `customer_name` cannot be resolved. Did you mean one of the following? [`created_at`, `name`, `id`]. SQLSTATE: 42703; line 21 pos 4
  compiled code at target\run\my_databricks_project\models\bronze\bronze_raw_dpt.sql
[0m16:56:20.431554 [debug] [Thread-3 (]: Sending event: {'category': 'dbt', 'action': 'run_model', 'label': '2d8aa04f-dfef-41ee-b079-07d51a88a711', 'context': [<snowplow_tracker.self_describing_json.SelfDescribingJson object at 0x000002378D04EE10>]}
[0m16:56:20.433616 [error] [Thread-3 (]: 1 of 3 ERROR creating sql table model 1st_dbt_project.bronze_raw_dpt ........... [[31mERROR[0m in 4.08s]
[0m16:56:20.435334 [debug] [Thread-3 (]: Finished running node model.my_databricks_project.bronze_raw_dpt
[0m16:56:20.436761 [debug] [Thread-9 (]: Marking all children of 'model.my_databricks_project.bronze_raw_dpt' to be skipped because of status 'error'.  Reason: Database Error in model bronze_raw_dpt (models\bronze\bronze_raw_dpt.sql)
  [UNRESOLVED_COLUMN.WITH_SUGGESTION] A column, variable, or function parameter with name `customer_name` cannot be resolved. Did you mean one of the following? [`created_at`, `name`, `id`]. SQLSTATE: 42703; line 21 pos 4
  compiled code at target\run\my_databricks_project\models\bronze\bronze_raw_dpt.sql.
[0m16:56:20.439884 [debug] [Thread-4 (]: Began running node model.my_databricks_project.silver_cleaned_dpt
[0m16:56:20.440992 [info ] [Thread-4 (]: 2 of 3 SKIP relation 1st_DBT_PROJECT.silver_cleaned_dpt ........................ [[33mSKIP[0m]
[0m16:56:20.442773 [debug] [Thread-4 (]: Finished running node model.my_databricks_project.silver_cleaned_dpt
[0m16:56:20.445922 [debug] [Thread-5 (]: Began running node model.my_databricks_project.gold_summary_dpt
[0m16:56:20.448038 [info ] [Thread-5 (]: 3 of 3 SKIP relation 1st_DBT_PROJECT.gold_summary_dpt .......................... [[33mSKIP[0m]
[0m16:56:20.450604 [debug] [Thread-5 (]: Finished running node model.my_databricks_project.gold_summary_dpt
[0m16:56:20.455310 [debug] [MainThread]: Databricks adapter: DatabricksDBTConnection(session-id=None, name=master) - Creating connection
[0m16:56:20.456839 [debug] [MainThread]: Acquiring new databricks connection 'master'
[0m16:56:20.463931 [info ] [MainThread]: 
[0m16:56:20.466589 [info ] [MainThread]: Finished running 3 table models in 0 hours 0 minutes and 16.66 seconds (16.66s).
[0m16:56:20.470784 [debug] [MainThread]: Command end result
[0m16:56:20.628566 [debug] [MainThread]: Wrote artifact WritableManifest to C:\Users\X280\dbt_project\target\manifest.json
[0m16:56:20.637246 [debug] [MainThread]: Wrote artifact SemanticManifest to C:\Users\X280\dbt_project\target\semantic_manifest.json
[0m16:56:20.651230 [debug] [MainThread]: Wrote artifact OsiDocument to C:\Users\X280\dbt_project\target\osi_document.json
[0m16:56:20.678967 [debug] [MainThread]: Wrote artifact RunExecutionResult to C:\Users\X280\dbt_project\target\run_results.json
[0m16:56:20.680575 [info ] [MainThread]: 
[0m16:56:20.682714 [info ] [MainThread]: [31mCompleted with 1 error, 0 partial successes, and 0 warnings:[0m
[0m16:56:20.684282 [info ] [MainThread]: 
[0m16:56:20.686151 [error] [MainThread]: [[31mERROR[0m]: in model bronze_raw_dpt (models\bronze\bronze_raw_dpt.sql)
[0m16:56:20.688010 [error] [MainThread]:   Database Error in model bronze_raw_dpt (models\bronze\bronze_raw_dpt.sql)
  [UNRESOLVED_COLUMN.WITH_SUGGESTION] A column, variable, or function parameter with name `customer_name` cannot be resolved. Did you mean one of the following? [`created_at`, `name`, `id`]. SQLSTATE: 42703; line 21 pos 4
  compiled code at target\run\my_databricks_project\models\bronze\bronze_raw_dpt.sql
[0m16:56:20.689733 [info ] [MainThread]: 
[0m16:56:20.692480 [info ] [MainThread]:   compiled code at target\compiled\my_databricks_project\models\bronze\bronze_raw_dpt.sql
[0m16:56:20.694578 [info ] [MainThread]: 
[0m16:56:20.697053 [info ] [MainThread]: Done. PASS=0 WARN=0 ERROR=1 SKIP=2 NO-OP=0 REUSED=0 TOTAL=3
[0m16:56:20.703440 [debug] [MainThread]: Command `dbt run` failed at 16:56:20.702933 after 30.94 seconds
[0m16:56:20.709289 [debug] [MainThread]: Sending event: {'category': 'dbt', 'action': 'invocation', 'label': 'end', 'context': [<snowplow_tracker.self_describing_json.SelfDescribingJson object at 0x000002378D1654F0>, <snowplow_tracker.self_describing_json.SelfDescribingJson object at 0x000002378D00BE30>, <snowplow_tracker.self_describing_json.SelfDescribingJson object at 0x000002378D0B2D50>]}
[0m16:56:20.712064 [debug] [MainThread]: Flushing usage events
[0m16:56:22.906527 [debug] [MainThread]: An error was encountered while trying to flush usage events
[0m17:00:00.744281 [debug] [MainThread]: Sending event: {'category': 'dbt', 'action': 'invocation', 'label': 'start', 'context': [<snowplow_tracker.self_describing_json.SelfDescribingJson object at 0x000001F82D5AABA0>, <snowplow_tracker.self_describing_json.SelfDescribingJson object at 0x000001F82AEFCA50>, <snowplow_tracker.self_describing_json.SelfDescribingJson object at 0x000001F82FEFF890>]}


============================== 17:00:00.773226 | e815952d-51ba-456b-9aba-767fc0f60c0f ==============================
[0m17:00:00.773226 [info ] [MainThread]: Running with dbt=1.12.0
[0m17:00:00.775115 [debug] [MainThread]: running dbt with arguments {'static_parser': 'True', 'no_print': 'None', 'maximum_seed_size_mib': '1', 'warn_error_options': 'WarnErrorOptionsV2(error=[], warn=[], silence=[])', 'target_path': 'None', 'version_check': 'True', 'printer_width': '80', 'write_json': 'True', 'empty': 'False', 'log_cache_events': 'False', 'introspect': 'True', 'cache_selected_only': 'False', 'log_format': 'default', 'debug': 'False', 'fail_fast': 'False', 'profiles_dir': 'C:\\Users\\X280\\.dbt', 'send_anonymous_usage_stats': 'True', 'quiet': 'False', 'warn_error': 'None', 'partial_parse': 'True', 'use_colors': 'True', 'hints_enabled': 'True', 'invocation_command': 'dbt run', 'use_experimental_parser': 'False', 'indirect_selection': 'eager', 'log_path': 'C:\\Users\\X280\\dbt_project\\logs'}
[0m17:00:04.052312 [debug] [MainThread]: Spark adapter: Setting pyhive.hive logging to ERROR
[0m17:00:04.053409 [debug] [MainThread]: Spark adapter: Setting thrift.transport logging to ERROR
[0m17:00:04.054273 [debug] [MainThread]: Spark adapter: Setting thrift.protocol logging to ERROR
[0m17:00:08.222662 [debug] [MainThread]: Sending event: {'category': 'dbt', 'action': 'project_id', 'label': 'e815952d-51ba-456b-9aba-767fc0f60c0f', 'context': [<snowplow_tracker.self_describing_json.SelfDescribingJson object at 0x000001F84474C3E0>]}
[0m17:00:08.336355 [debug] [MainThread]: Sending event: {'category': 'dbt', 'action': 'adapter_info', 'label': 'e815952d-51ba-456b-9aba-767fc0f60c0f', 'context': [<snowplow_tracker.self_describing_json.SelfDescribingJson object at 0x000001F82E166E00>]}
[0m17:00:08.337383 [info ] [MainThread]: Registered adapter: databricks=1.12.4
[0m17:00:09.023350 [debug] [MainThread]: checksum: 3dc68700ad7a368beffc73dbf81da035a64fcd39467072f1285d90f066942faf, vars: {}, profile: my_databricks_project, target: dev, version: 1.12.0
[0m17:00:09.460047 [debug] [MainThread]: Partial parsing enabled: 0 files deleted, 0 files added, 1 files changed.
[0m17:00:09.461364 [debug] [MainThread]: Partial parsing: updated file: my_databricks_project://models\bronze\bronze_raw_dpt.sql
[0m17:00:10.006131 [debug] [MainThread]: Sending event: {'category': 'dbt', 'action': 'load_project', 'label': 'e815952d-51ba-456b-9aba-767fc0f60c0f', 'context': [<snowplow_tracker.self_describing_json.SelfDescribingJson object at 0x000001F844F85750>]}
[0m17:00:10.127450 [debug] [MainThread]: Wrote artifact WritableManifest to C:\Users\X280\dbt_project\target\manifest.json
[0m17:00:10.138341 [debug] [MainThread]: Wrote artifact SemanticManifest to C:\Users\X280\dbt_project\target\semantic_manifest.json
[0m17:00:10.358181 [debug] [MainThread]: Wrote artifact OsiDocument to C:\Users\X280\dbt_project\target\osi_document.json
[0m17:00:10.447832 [debug] [MainThread]: Sending event: {'category': 'dbt', 'action': 'resource_counts', 'label': 'e815952d-51ba-456b-9aba-767fc0f60c0f', 'context': [<snowplow_tracker.self_describing_json.SelfDescribingJson object at 0x000001F8450BF980>]}
[0m17:00:10.449227 [info ] [MainThread]: Found 3 models, 773 macros
[0m17:00:10.450723 [debug] [MainThread]: Sending event: {'category': 'dbt', 'action': 'runnable_timing', 'label': 'e815952d-51ba-456b-9aba-767fc0f60c0f', 'context': [<snowplow_tracker.self_describing_json.SelfDescribingJson object at 0x000001F8450C3770>]}
[0m17:00:10.461600 [info ] [MainThread]: 
[0m17:00:10.462933 [info ] [MainThread]: Concurrency: 4 threads (target='dev')
[0m17:00:10.464118 [info ] [MainThread]: 
[0m17:00:10.465678 [debug] [MainThread]: Databricks adapter: DatabricksDBTConnection(session-id=None, name=master) - Creating connection
[0m17:00:10.466455 [debug] [MainThread]: Acquiring new databricks connection 'master'
[0m17:00:10.485534 [debug] [ThreadPool]: Databricks adapter: DatabricksDBTConnection(session-id=None, name=list_workspace) - Creating connection
[0m17:00:10.486225 [debug] [ThreadPool]: Acquiring new databricks connection 'list_workspace'
[0m17:00:10.507717 [debug] [ThreadPool]: Using databricks connection "list_workspace"
[0m17:00:10.508359 [debug] [ThreadPool]: On list_workspace: /* {"app": "dbt", "dbt_version": "1.12.0", "dbt_databricks_version": "1.12.4", "databricks_sql_connector_version": "4.4.0", "profile_name": "my_databricks_project", "target_name": "dev", "invocation_id": "e815952d-51ba-456b-9aba-767fc0f60c0f", "connection_name": "list_workspace"} */

    

  SHOW SCHEMAS IN `workspace`


  
[0m17:00:10.508880 [debug] [ThreadPool]: Opening a new connection, currently in state init
[0m17:00:16.877665 [debug] [ThreadPool]: Databricks adapter: Connection(session-id=01f1a6c5-dce2-1ec6-8f69-a0efa6a90d01) - Created
[0m17:00:17.625902 [debug] [ThreadPool]: SQL status: OK in 7.120 seconds
[0m17:00:17.735584 [debug] [ThreadPool]: Databricks adapter: Cursor(session-id=01f1a6c5-dce2-1ec6-8f69-a0efa6a90d01, command-id=01f1a6c5-ddd5-1394-8c6d-9e45815664c1) - Closing
[0m17:00:17.736854 [debug] [ThreadPool]: On list_workspace: Close
[0m17:00:17.737709 [debug] [ThreadPool]: Databricks adapter: Connection(session-id=01f1a6c5-dce2-1ec6-8f69-a0efa6a90d01) - Closing
[0m17:00:18.082211 [debug] [ThreadPool]: Databricks adapter: DatabricksDBTConnection(session-id=None, name=list_workspace_1st_DBT_PROJECT) - Creating connection
[0m17:00:18.083926 [debug] [ThreadPool]: Acquiring new databricks connection 'list_workspace_1st_DBT_PROJECT'
[0m17:00:18.100301 [debug] [ThreadPool]: Using databricks connection "list_workspace_1st_DBT_PROJECT"
[0m17:00:18.101445 [debug] [ThreadPool]: On list_workspace_1st_DBT_PROJECT: /* {"app": "dbt", "dbt_version": "1.12.0", "dbt_databricks_version": "1.12.4", "databricks_sql_connector_version": "4.4.0", "profile_name": "my_databricks_project", "target_name": "dev", "invocation_id": "e815952d-51ba-456b-9aba-767fc0f60c0f", "connection_name": "list_workspace_1st_DBT_PROJECT"} */

    
SELECT
  table_name,
  if(table_type IN ('EXTERNAL', 'MANAGED', 'MANAGED_SHALLOW_CLONE', 'EXTERNAL_SHALLOW_CLONE'), 'table', lower(table_type)) AS table_type,
  lower(data_source_format) AS file_format,
  table_owner,
  if(
    table_type IN (
      'EXTERNAL',
      'MANAGED',
      'MANAGED_SHALLOW_CLONE',
      'EXTERNAL_SHALLOW_CLONE'
    ),
    lower(table_type),
    NULL
  ) AS databricks_table_type
FROM `system`.`information_schema`.`tables`
WHERE table_catalog = 'workspace'
  AND table_schema = '1st_dbt_project'

  
[0m17:00:18.102202 [debug] [ThreadPool]: Opening a new connection, currently in state init
[0m17:00:19.428569 [debug] [ThreadPool]: Databricks adapter: Connection(session-id=01f1a6c5-df25-19b1-8bf3-e7bf441c2f0e) - Created
[0m17:00:20.329406 [debug] [ThreadPool]: SQL status: OK in 2.230 seconds
[0m17:00:20.368840 [debug] [ThreadPool]: Databricks adapter: Cursor(session-id=01f1a6c5-df25-19b1-8bf3-e7bf441c2f0e, command-id=01f1a6c5-df59-1bf7-ae98-996956caf7c9) - Closing
[0m17:00:20.370476 [debug] [ThreadPool]: On list_workspace_1st_DBT_PROJECT: Close
[0m17:00:20.371297 [debug] [ThreadPool]: Databricks adapter: Connection(session-id=01f1a6c5-df25-19b1-8bf3-e7bf441c2f0e) - Closing
[0m17:00:20.728257 [debug] [MainThread]: Sending event: {'category': 'dbt', 'action': 'runnable_timing', 'label': 'e815952d-51ba-456b-9aba-767fc0f60c0f', 'context': [<snowplow_tracker.self_describing_json.SelfDescribingJson object at 0x000001F84515C600>]}
[0m17:00:20.757634 [debug] [Thread-3 (]: Began running node model.my_databricks_project.bronze_raw_dpt
[0m17:00:20.759047 [info ] [Thread-3 (]: 1 of 3 START sql table model 1st_dbt_project.bronze_raw_dpt .................... [RUN]
[0m17:00:20.763989 [debug] [Thread-3 (]: Databricks adapter: DatabricksDBTConnection(session-id=None, name=model.my_databricks_project.bronze_raw_dpt) - Creating connection
[0m17:00:20.765047 [debug] [Thread-3 (]: Acquiring new databricks connection 'model.my_databricks_project.bronze_raw_dpt'
[0m17:00:20.765983 [debug] [Thread-3 (]: Began compiling node model.my_databricks_project.bronze_raw_dpt
[0m17:00:20.780123 [debug] [Thread-3 (]: Writing injected SQL for node "model.my_databricks_project.bronze_raw_dpt"
[0m17:00:20.782478 [debug] [Thread-3 (]: Began executing node model.my_databricks_project.bronze_raw_dpt
[0m17:00:20.811159 [debug] [Thread-3 (]: MATERIALIZING TABLE
[0m17:00:20.860511 [debug] [Thread-3 (]: Using databricks connection "model.my_databricks_project.bronze_raw_dpt"
[0m17:00:20.861163 [debug] [Thread-3 (]: On model.my_databricks_project.bronze_raw_dpt: /* {"app": "dbt", "dbt_version": "1.12.0", "dbt_databricks_version": "1.12.4", "databricks_sql_connector_version": "4.4.0", "profile_name": "my_databricks_project", "target_name": "dev", "invocation_id": "e815952d-51ba-456b-9aba-767fc0f60c0f", "node_id": "model.my_databricks_project.bronze_raw_dpt"} */
SELECT
    table_catalog,
    table_schema,
    table_name,
    filter_name,
    target_columns
  FROM `workspace`.`information_schema`.`row_filters`
  WHERE table_catalog = 'workspace'
    AND table_schema = '1st_dbt_project'
    AND table_name = 'bronze_raw_dpt'
[0m17:00:20.861699 [debug] [Thread-3 (]: Opening a new connection, currently in state init
[0m17:00:22.182365 [debug] [Thread-3 (]: Databricks adapter: Connection(session-id=01f1a6c5-e0c9-1691-ba88-6e4f153161d4) - Created
[0m17:00:22.865666 [debug] [Thread-3 (]: SQL status: OK in 2.000 seconds
[0m17:00:22.880395 [debug] [Thread-3 (]: Databricks adapter: Cursor(session-id=01f1a6c5-e0c9-1691-ba88-6e4f153161d4, command-id=01f1a6c5-e0fe-17c0-994f-be72041e9a7f) - Closing
[0m17:00:22.922366 [debug] [Thread-3 (]: Writing runtime sql for node "model.my_databricks_project.bronze_raw_dpt"
[0m17:00:22.923544 [debug] [Thread-3 (]: Using databricks connection "model.my_databricks_project.bronze_raw_dpt"
[0m17:00:22.924093 [debug] [Thread-3 (]: On model.my_databricks_project.bronze_raw_dpt: /* {"app": "dbt", "dbt_version": "1.12.0", "dbt_databricks_version": "1.12.4", "databricks_sql_connector_version": "4.4.0", "profile_name": "my_databricks_project", "target_name": "dev", "invocation_id": "e815952d-51ba-456b-9aba-767fc0f60c0f", "node_id": "model.my_databricks_project.bronze_raw_dpt"} */

  
    
        create or replace table `workspace`.`1st_dbt_project`.`bronze_raw_dpt`
      
      
    using delta
  
      
      
      
      
      
      
      
      
      as
      SELECT 
    id,
    name,
    created_at
FROM workspace.1st_dbt_project.dbt_raw
  
[0m17:00:27.442589 [debug] [Thread-3 (]: SQL status: OK in 4.520 seconds
[0m17:00:27.444922 [debug] [Thread-3 (]: Databricks adapter: Cursor(session-id=01f1a6c5-e0c9-1691-ba88-6e4f153161d4, command-id=01f1a6c5-e170-1386-8a41-ff3704dd052b) - Closing
[0m17:00:27.471605 [debug] [Thread-3 (]: Applying tags to relation None
[0m17:00:27.521207 [debug] [Thread-3 (]: On model.my_databricks_project.bronze_raw_dpt: Close
[0m17:00:27.521731 [debug] [Thread-3 (]: Databricks adapter: Connection(session-id=01f1a6c5-e0c9-1691-ba88-6e4f153161d4) - Closing
[0m17:00:27.875807 [debug] [Thread-3 (]: Sending event: {'category': 'dbt', 'action': 'run_model', 'label': 'e815952d-51ba-456b-9aba-767fc0f60c0f', 'context': [<snowplow_tracker.self_describing_json.SelfDescribingJson object at 0x000001F8450CEC90>]}
[0m17:00:27.876738 [info ] [Thread-3 (]: 1 of 3 OK created sql table model 1st_dbt_project.bronze_raw_dpt ............... [[32mOK[0m in 7.11s]
[0m17:00:27.877874 [debug] [Thread-3 (]: Finished running node model.my_databricks_project.bronze_raw_dpt
[0m17:00:27.878956 [debug] [Thread-4 (]: Began running node model.my_databricks_project.silver_cleaned_dpt
[0m17:00:27.879827 [info ] [Thread-4 (]: 2 of 3 START sql table model 1st_dbt_project.silver_cleaned_dpt ................ [RUN]
[0m17:00:27.880990 [debug] [Thread-4 (]: Databricks adapter: DatabricksDBTConnection(session-id=None, name=model.my_databricks_project.silver_cleaned_dpt) - Creating connection
[0m17:00:27.881639 [debug] [Thread-4 (]: Acquiring new databricks connection 'model.my_databricks_project.silver_cleaned_dpt'
[0m17:00:27.882256 [debug] [Thread-4 (]: Began compiling node model.my_databricks_project.silver_cleaned_dpt
[0m17:00:27.885305 [debug] [Thread-4 (]: Writing injected SQL for node "model.my_databricks_project.silver_cleaned_dpt"
[0m17:00:27.892488 [debug] [Thread-4 (]: Began executing node model.my_databricks_project.silver_cleaned_dpt
[0m17:00:27.895408 [debug] [Thread-4 (]: MATERIALIZING TABLE
[0m17:00:27.904669 [debug] [Thread-4 (]: Using databricks connection "model.my_databricks_project.silver_cleaned_dpt"
[0m17:00:27.906004 [debug] [Thread-4 (]: On model.my_databricks_project.silver_cleaned_dpt: /* {"app": "dbt", "dbt_version": "1.12.0", "dbt_databricks_version": "1.12.4", "databricks_sql_connector_version": "4.4.0", "profile_name": "my_databricks_project", "target_name": "dev", "invocation_id": "e815952d-51ba-456b-9aba-767fc0f60c0f", "node_id": "model.my_databricks_project.silver_cleaned_dpt"} */
SELECT
    table_catalog,
    table_schema,
    table_name,
    filter_name,
    target_columns
  FROM `workspace`.`information_schema`.`row_filters`
  WHERE table_catalog = 'workspace'
    AND table_schema = '1st_dbt_project'
    AND table_name = 'silver_cleaned_dpt'
[0m17:00:27.907186 [debug] [Thread-4 (]: Opening a new connection, currently in state init
[0m17:00:29.351968 [debug] [Thread-4 (]: Databricks adapter: Connection(session-id=01f1a6c5-e50e-1f08-bf9d-1b3acd09b5c7) - Created
[0m17:00:30.036346 [debug] [Thread-4 (]: SQL status: OK in 2.130 seconds
[0m17:00:30.041668 [debug] [Thread-4 (]: Databricks adapter: Cursor(session-id=01f1a6c5-e50e-1f08-bf9d-1b3acd09b5c7, command-id=01f1a6c5-e544-1f5d-9e5b-18e405f73fa8) - Closing
[0m17:00:30.045381 [debug] [Thread-4 (]: Writing runtime sql for node "model.my_databricks_project.silver_cleaned_dpt"
[0m17:00:30.053018 [debug] [Thread-4 (]: Using databricks connection "model.my_databricks_project.silver_cleaned_dpt"
[0m17:00:30.053957 [debug] [Thread-4 (]: On model.my_databricks_project.silver_cleaned_dpt: /* {"app": "dbt", "dbt_version": "1.12.0", "dbt_databricks_version": "1.12.4", "databricks_sql_connector_version": "4.4.0", "profile_name": "my_databricks_project", "target_name": "dev", "invocation_id": "e815952d-51ba-456b-9aba-767fc0f60c0f", "node_id": "model.my_databricks_project.silver_cleaned_dpt"} */

  
    
        create or replace table `workspace`.`1st_dbt_project`.`silver_cleaned_dpt`
      
      
    using delta
  
      
      
      
      
      
      
      
      
      as
      SELECT 
    *
FROM `workspace`.`1st_dbt_project`.`bronze_raw_dpt`
  
[0m17:00:32.685219 [debug] [Thread-4 (]: SQL status: OK in 2.630 seconds
[0m17:00:32.687462 [debug] [Thread-4 (]: Databricks adapter: Cursor(session-id=01f1a6c5-e50e-1f08-bf9d-1b3acd09b5c7, command-id=01f1a6c5-e5b0-160c-ac3d-27655ebe313d) - Closing
[0m17:00:32.697139 [debug] [Thread-4 (]: Applying tags to relation None
[0m17:00:32.701283 [debug] [Thread-4 (]: On model.my_databricks_project.silver_cleaned_dpt: Close
[0m17:00:32.702268 [debug] [Thread-4 (]: Databricks adapter: Connection(session-id=01f1a6c5-e50e-1f08-bf9d-1b3acd09b5c7) - Closing
[0m17:00:33.095591 [debug] [Thread-4 (]: Sending event: {'category': 'dbt', 'action': 'run_model', 'label': 'e815952d-51ba-456b-9aba-767fc0f60c0f', 'context': [<snowplow_tracker.self_describing_json.SelfDescribingJson object at 0x000001F8451E54F0>]}
[0m17:00:33.098551 [info ] [Thread-4 (]: 2 of 3 OK created sql table model 1st_dbt_project.silver_cleaned_dpt ........... [[32mOK[0m in 5.21s]
[0m17:00:33.100727 [debug] [Thread-4 (]: Finished running node model.my_databricks_project.silver_cleaned_dpt
[0m17:00:33.101996 [debug] [Thread-5 (]: Began running node model.my_databricks_project.gold_summary_dpt
[0m17:00:33.102791 [info ] [Thread-5 (]: 3 of 3 START sql table model 1st_dbt_project.gold_summary_dpt .................. [RUN]
[0m17:00:33.103922 [debug] [Thread-5 (]: Databricks adapter: DatabricksDBTConnection(session-id=None, name=model.my_databricks_project.gold_summary_dpt) - Creating connection
[0m17:00:33.104600 [debug] [Thread-5 (]: Acquiring new databricks connection 'model.my_databricks_project.gold_summary_dpt'
[0m17:00:33.105238 [debug] [Thread-5 (]: Began compiling node model.my_databricks_project.gold_summary_dpt
[0m17:00:33.107997 [debug] [Thread-5 (]: Writing injected SQL for node "model.my_databricks_project.gold_summary_dpt"
[0m17:00:33.114812 [debug] [Thread-5 (]: Began executing node model.my_databricks_project.gold_summary_dpt
[0m17:00:33.117152 [debug] [Thread-5 (]: MATERIALIZING TABLE
[0m17:00:33.119972 [debug] [Thread-5 (]: Using databricks connection "model.my_databricks_project.gold_summary_dpt"
[0m17:00:33.120750 [debug] [Thread-5 (]: On model.my_databricks_project.gold_summary_dpt: /* {"app": "dbt", "dbt_version": "1.12.0", "dbt_databricks_version": "1.12.4", "databricks_sql_connector_version": "4.4.0", "profile_name": "my_databricks_project", "target_name": "dev", "invocation_id": "e815952d-51ba-456b-9aba-767fc0f60c0f", "node_id": "model.my_databricks_project.gold_summary_dpt"} */
SELECT
    table_catalog,
    table_schema,
    table_name,
    filter_name,
    target_columns
  FROM `workspace`.`information_schema`.`row_filters`
  WHERE table_catalog = 'workspace'
    AND table_schema = '1st_dbt_project'
    AND table_name = 'gold_summary_dpt'
[0m17:00:33.121472 [debug] [Thread-5 (]: Opening a new connection, currently in state init
[0m17:00:34.547257 [debug] [Thread-5 (]: Databricks adapter: Connection(session-id=01f1a6c5-e820-1c2b-80d8-94e025ea217f) - Created
[0m17:00:35.462186 [debug] [Thread-5 (]: SQL status: OK in 2.340 seconds
[0m17:00:35.472482 [debug] [Thread-5 (]: Databricks adapter: Cursor(session-id=01f1a6c5-e820-1c2b-80d8-94e025ea217f, command-id=01f1a6c5-e85c-18ef-96f5-36a65f6fde1a) - Closing
[0m17:00:35.479606 [debug] [Thread-5 (]: Writing runtime sql for node "model.my_databricks_project.gold_summary_dpt"
[0m17:00:35.489503 [debug] [Thread-5 (]: Using databricks connection "model.my_databricks_project.gold_summary_dpt"
[0m17:00:35.491808 [debug] [Thread-5 (]: On model.my_databricks_project.gold_summary_dpt: /* {"app": "dbt", "dbt_version": "1.12.0", "dbt_databricks_version": "1.12.4", "databricks_sql_connector_version": "4.4.0", "profile_name": "my_databricks_project", "target_name": "dev", "invocation_id": "e815952d-51ba-456b-9aba-767fc0f60c0f", "node_id": "model.my_databricks_project.gold_summary_dpt"} */

  
    
        create or replace table `workspace`.`1st_dbt_project`.`gold_summary_dpt`
      
      
    using delta
  
      
      
      
      
      
      
      
      
      as
      SELECT 
    COUNT(*) AS total_records
FROM `workspace`.`1st_dbt_project`.`silver_cleaned_dpt`
  
[0m17:00:39.244589 [debug] [Thread-5 (]: SQL status: OK in 3.750 seconds
[0m17:00:39.248237 [debug] [Thread-5 (]: Databricks adapter: Cursor(session-id=01f1a6c5-e820-1c2b-80d8-94e025ea217f, command-id=01f1a6c5-e8ed-123b-b2a0-b2e4fb3e8e68) - Closing
[0m17:00:39.252486 [debug] [Thread-5 (]: Applying tags to relation None
[0m17:00:39.258905 [debug] [Thread-5 (]: On model.my_databricks_project.gold_summary_dpt: Close
[0m17:00:39.260612 [debug] [Thread-5 (]: Databricks adapter: Connection(session-id=01f1a6c5-e820-1c2b-80d8-94e025ea217f) - Closing
[0m17:00:39.607506 [debug] [Thread-5 (]: Sending event: {'category': 'dbt', 'action': 'run_model', 'label': 'e815952d-51ba-456b-9aba-767fc0f60c0f', 'context': [<snowplow_tracker.self_describing_json.SelfDescribingJson object at 0x000001F84523BBB0>]}
[0m17:00:39.609073 [info ] [Thread-5 (]: 3 of 3 OK created sql table model 1st_dbt_project.gold_summary_dpt ............. [[32mOK[0m in 6.50s]
[0m17:00:39.611514 [debug] [Thread-5 (]: Finished running node model.my_databricks_project.gold_summary_dpt
[0m17:00:39.614500 [debug] [MainThread]: Databricks adapter: DatabricksDBTConnection(session-id=None, name=master) - Creating connection
[0m17:00:39.615135 [debug] [MainThread]: Acquiring new databricks connection 'master'
[0m17:00:39.621121 [info ] [MainThread]: 
[0m17:00:39.622360 [info ] [MainThread]: Finished running 3 table models in 0 hours 0 minutes and 29.15 seconds (29.15s).
[0m17:00:39.624736 [debug] [MainThread]: Command end result
[0m17:00:39.705304 [debug] [MainThread]: Wrote artifact WritableManifest to C:\Users\X280\dbt_project\target\manifest.json
[0m17:00:39.710295 [debug] [MainThread]: Wrote artifact SemanticManifest to C:\Users\X280\dbt_project\target\semantic_manifest.json
[0m17:00:39.714476 [debug] [MainThread]: Wrote artifact OsiDocument to C:\Users\X280\dbt_project\target\osi_document.json
[0m17:00:39.725301 [debug] [MainThread]: Wrote artifact RunExecutionResult to C:\Users\X280\dbt_project\target\run_results.json
[0m17:00:39.725741 [info ] [MainThread]: 
[0m17:00:39.726362 [info ] [MainThread]: [32mCompleted successfully[0m
[0m17:00:39.726907 [info ] [MainThread]: 
[0m17:00:39.727488 [info ] [MainThread]: Done. PASS=3 WARN=0 ERROR=0 SKIP=0 NO-OP=0 REUSED=0 TOTAL=3
[0m17:00:39.728744 [debug] [MainThread]: Command `dbt run` succeeded at 17:00:39.728605 after 39.30 seconds
[0m17:00:39.729197 [debug] [MainThread]: Sending event: {'category': 'dbt', 'action': 'invocation', 'label': 'end', 'context': [<snowplow_tracker.self_describing_json.SelfDescribingJson object at 0x000001F82B8A3E50>, <snowplow_tracker.self_describing_json.SelfDescribingJson object at 0x000001F82DB299D0>, <snowplow_tracker.self_describing_json.SelfDescribingJson object at 0x000001F82FF842F0>]}
[0m17:00:39.729637 [debug] [MainThread]: Flushing usage events
[0m17:00:41.382186 [debug] [MainThread]: An error was encountered while trying to flush usage events
[0m17:09:05.974998 [debug] [MainThread]: Sending event: {'category': 'dbt', 'action': 'invocation', 'label': 'start', 'context': [<snowplow_tracker.self_describing_json.SelfDescribingJson object at 0x0000021AB111ABA0>, <snowplow_tracker.self_describing_json.SelfDescribingJson object at 0x0000021AAEA68A50>, <snowplow_tracker.self_describing_json.SelfDescribingJson object at 0x0000021AB3A6F890>]}


============================== 17:09:06.000493 | a842873c-8b59-4982-a31e-931abd011f44 ==============================
[0m17:09:06.000493 [info ] [MainThread]: Running with dbt=1.12.0
[0m17:09:06.002237 [debug] [MainThread]: running dbt with arguments {'maximum_seed_size_mib': '1', 'no_print': 'None', 'version_check': 'True', 'warn_error_options': 'WarnErrorOptionsV2(error=[], warn=[], silence=[])', 'static_parser': 'True', 'target_path': 'None', 'printer_width': '80', 'write_json': 'True', 'empty': 'False', 'log_cache_events': 'False', 'introspect': 'True', 'cache_selected_only': 'False', 'log_format': 'default', 'debug': 'False', 'fail_fast': 'False', 'profiles_dir': 'C:\\Users\\X280\\.dbt', 'send_anonymous_usage_stats': 'True', 'quiet': 'False', 'warn_error': 'None', 'partial_parse': 'True', 'invocation_command': 'dbt run --full-refresh', 'hints_enabled': 'True', 'indirect_selection': 'eager', 'use_experimental_parser': 'False', 'use_colors': 'True', 'log_path': 'C:\\Users\\X280\\dbt_project\\logs'}
[0m17:09:08.923514 [debug] [MainThread]: Spark adapter: Setting pyhive.hive logging to ERROR
[0m17:09:08.925606 [debug] [MainThread]: Spark adapter: Setting thrift.transport logging to ERROR
[0m17:09:08.926570 [debug] [MainThread]: Spark adapter: Setting thrift.protocol logging to ERROR
[0m17:09:11.766989 [debug] [MainThread]: Sending event: {'category': 'dbt', 'action': 'project_id', 'label': 'a842873c-8b59-4982-a31e-931abd011f44', 'context': [<snowplow_tracker.self_describing_json.SelfDescribingJson object at 0x0000021AC829C3E0>]}
[0m17:09:11.877295 [debug] [MainThread]: Sending event: {'category': 'dbt', 'action': 'adapter_info', 'label': 'a842873c-8b59-4982-a31e-931abd011f44', 'context': [<snowplow_tracker.self_describing_json.SelfDescribingJson object at 0x0000021AB1CD6E00>]}
[0m17:09:11.879330 [info ] [MainThread]: Registered adapter: databricks=1.12.4
[0m17:09:12.577174 [debug] [MainThread]: checksum: 3dc68700ad7a368beffc73dbf81da035a64fcd39467072f1285d90f066942faf, vars: {}, profile: my_databricks_project, target: dev, version: 1.12.0
[0m17:09:12.926096 [debug] [MainThread]: Partial parsing enabled: 0 files deleted, 0 files added, 0 files changed.
[0m17:09:12.926548 [debug] [MainThread]: Nothing changed, skipping partial parsing.
[0m17:09:12.926923 [debug] [MainThread]: Partial parsing enabled, no changes found, skipping parsing
[0m17:09:12.942555 [debug] [MainThread]: Sending event: {'category': 'dbt', 'action': 'load_project', 'label': 'a842873c-8b59-4982-a31e-931abd011f44', 'context': [<snowplow_tracker.self_describing_json.SelfDescribingJson object at 0x0000021AC84CC850>]}
[0m17:09:13.100875 [debug] [MainThread]: Wrote artifact WritableManifest to C:\Users\X280\dbt_project\target\manifest.json
[0m17:09:13.116543 [debug] [MainThread]: Wrote artifact SemanticManifest to C:\Users\X280\dbt_project\target\semantic_manifest.json
[0m17:09:13.283344 [debug] [MainThread]: Wrote artifact OsiDocument to C:\Users\X280\dbt_project\target\osi_document.json
[0m17:09:13.336881 [debug] [MainThread]: Sending event: {'category': 'dbt', 'action': 'resource_counts', 'label': 'a842873c-8b59-4982-a31e-931abd011f44', 'context': [<snowplow_tracker.self_describing_json.SelfDescribingJson object at 0x0000021AC8789F40>]}
[0m17:09:13.337442 [info ] [MainThread]: Found 3 models, 773 macros
[0m17:09:13.337988 [debug] [MainThread]: Sending event: {'category': 'dbt', 'action': 'runnable_timing', 'label': 'a842873c-8b59-4982-a31e-931abd011f44', 'context': [<snowplow_tracker.self_describing_json.SelfDescribingJson object at 0x0000021AC87B2890>]}
[0m17:09:13.345733 [info ] [MainThread]: 
[0m17:09:13.346300 [info ] [MainThread]: Concurrency: 4 threads (target='dev')
[0m17:09:13.346795 [info ] [MainThread]: 
[0m17:09:13.347896 [debug] [MainThread]: Databricks adapter: DatabricksDBTConnection(session-id=None, name=master) - Creating connection
[0m17:09:13.348294 [debug] [MainThread]: Acquiring new databricks connection 'master'
[0m17:09:13.359427 [debug] [ThreadPool]: Databricks adapter: DatabricksDBTConnection(session-id=None, name=list_workspace) - Creating connection
[0m17:09:13.360011 [debug] [ThreadPool]: Acquiring new databricks connection 'list_workspace'
[0m17:09:13.377866 [debug] [ThreadPool]: Using databricks connection "list_workspace"
[0m17:09:13.378334 [debug] [ThreadPool]: On list_workspace: /* {"app": "dbt", "dbt_version": "1.12.0", "dbt_databricks_version": "1.12.4", "databricks_sql_connector_version": "4.4.0", "profile_name": "my_databricks_project", "target_name": "dev", "invocation_id": "a842873c-8b59-4982-a31e-931abd011f44", "connection_name": "list_workspace"} */

    

  SHOW SCHEMAS IN `workspace`


  
[0m17:09:13.378686 [debug] [ThreadPool]: Opening a new connection, currently in state init
[0m17:09:19.616958 [debug] [ThreadPool]: Databricks adapter: Connection(session-id=01f1a6c7-20a2-10ed-9d20-38bf3fecb49a) - Created
[0m17:09:20.410514 [debug] [ThreadPool]: SQL status: OK in 7.030 seconds
[0m17:09:20.552606 [debug] [ThreadPool]: Databricks adapter: Cursor(session-id=01f1a6c7-20a2-10ed-9d20-38bf3fecb49a, command-id=01f1a6c7-2180-187f-ab56-49205f067a90) - Closing
[0m17:09:20.553860 [debug] [ThreadPool]: On list_workspace: Close
[0m17:09:20.554585 [debug] [ThreadPool]: Databricks adapter: Connection(session-id=01f1a6c7-20a2-10ed-9d20-38bf3fecb49a) - Closing
[0m17:09:20.888399 [debug] [ThreadPool]: Databricks adapter: DatabricksDBTConnection(session-id=None, name=list_workspace_1st_DBT_PROJECT) - Creating connection
[0m17:09:20.888904 [debug] [ThreadPool]: Acquiring new databricks connection 'list_workspace_1st_DBT_PROJECT'
[0m17:09:20.893884 [debug] [ThreadPool]: Using databricks connection "list_workspace_1st_DBT_PROJECT"
[0m17:09:20.894329 [debug] [ThreadPool]: On list_workspace_1st_DBT_PROJECT: /* {"app": "dbt", "dbt_version": "1.12.0", "dbt_databricks_version": "1.12.4", "databricks_sql_connector_version": "4.4.0", "profile_name": "my_databricks_project", "target_name": "dev", "invocation_id": "a842873c-8b59-4982-a31e-931abd011f44", "connection_name": "list_workspace_1st_DBT_PROJECT"} */

    
SELECT
  table_name,
  if(table_type IN ('EXTERNAL', 'MANAGED', 'MANAGED_SHALLOW_CLONE', 'EXTERNAL_SHALLOW_CLONE'), 'table', lower(table_type)) AS table_type,
  lower(data_source_format) AS file_format,
  table_owner,
  if(
    table_type IN (
      'EXTERNAL',
      'MANAGED',
      'MANAGED_SHALLOW_CLONE',
      'EXTERNAL_SHALLOW_CLONE'
    ),
    lower(table_type),
    NULL
  ) AS databricks_table_type
FROM `system`.`information_schema`.`tables`
WHERE table_catalog = 'workspace'
  AND table_schema = '1st_dbt_project'

  
[0m17:09:20.894763 [debug] [ThreadPool]: Opening a new connection, currently in state init
[0m17:09:22.098516 [debug] [ThreadPool]: Databricks adapter: Connection(session-id=01f1a6c7-22c7-1452-af8e-cd7842d79885) - Created
[0m17:09:23.059942 [debug] [ThreadPool]: SQL status: OK in 2.170 seconds
[0m17:09:23.115840 [debug] [ThreadPool]: Databricks adapter: Cursor(session-id=01f1a6c7-22c7-1452-af8e-cd7842d79885, command-id=01f1a6c7-22fb-10e8-a79e-1eeed32f485b) - Closing
[0m17:09:23.117307 [debug] [ThreadPool]: On list_workspace_1st_DBT_PROJECT: Close
[0m17:09:23.117702 [debug] [ThreadPool]: Databricks adapter: Connection(session-id=01f1a6c7-22c7-1452-af8e-cd7842d79885) - Closing
[0m17:09:23.439149 [debug] [MainThread]: Sending event: {'category': 'dbt', 'action': 'runnable_timing', 'label': 'a842873c-8b59-4982-a31e-931abd011f44', 'context': [<snowplow_tracker.self_describing_json.SelfDescribingJson object at 0x0000021AC8717520>]}
[0m17:09:23.460279 [debug] [Thread-3 (]: Began running node model.my_databricks_project.bronze_raw_dpt
[0m17:09:23.460920 [info ] [Thread-3 (]: 1 of 3 START sql table model 1st_dbt_project.bronze_raw_dpt .................... [RUN]
[0m17:09:23.461661 [debug] [Thread-3 (]: Databricks adapter: DatabricksDBTConnection(session-id=None, name=model.my_databricks_project.bronze_raw_dpt) - Creating connection
[0m17:09:23.462064 [debug] [Thread-3 (]: Acquiring new databricks connection 'model.my_databricks_project.bronze_raw_dpt'
[0m17:09:23.462450 [debug] [Thread-3 (]: Began compiling node model.my_databricks_project.bronze_raw_dpt
[0m17:09:23.468844 [debug] [Thread-3 (]: Writing injected SQL for node "model.my_databricks_project.bronze_raw_dpt"
[0m17:09:23.475553 [debug] [Thread-3 (]: Began executing node model.my_databricks_project.bronze_raw_dpt
[0m17:09:23.501751 [debug] [Thread-3 (]: MATERIALIZING TABLE
[0m17:09:23.547705 [debug] [Thread-3 (]: Using databricks connection "model.my_databricks_project.bronze_raw_dpt"
[0m17:09:23.548359 [debug] [Thread-3 (]: On model.my_databricks_project.bronze_raw_dpt: /* {"app": "dbt", "dbt_version": "1.12.0", "dbt_databricks_version": "1.12.4", "databricks_sql_connector_version": "4.4.0", "profile_name": "my_databricks_project", "target_name": "dev", "invocation_id": "a842873c-8b59-4982-a31e-931abd011f44", "node_id": "model.my_databricks_project.bronze_raw_dpt"} */
SELECT
    table_catalog,
    table_schema,
    table_name,
    filter_name,
    target_columns
  FROM `workspace`.`information_schema`.`row_filters`
  WHERE table_catalog = 'workspace'
    AND table_schema = '1st_dbt_project'
    AND table_name = 'bronze_raw_dpt'
[0m17:09:23.548886 [debug] [Thread-3 (]: Opening a new connection, currently in state init
[0m17:09:24.857745 [debug] [Thread-3 (]: Databricks adapter: Connection(session-id=01f1a6c7-246d-1bde-93ad-cc635a952372) - Created
[0m17:09:25.651279 [debug] [Thread-3 (]: SQL status: OK in 2.100 seconds
[0m17:09:25.667574 [debug] [Thread-3 (]: Databricks adapter: Cursor(session-id=01f1a6c7-246d-1bde-93ad-cc635a952372, command-id=01f1a6c7-24a0-170b-82d3-c342d942cb2d) - Closing
[0m17:09:25.694384 [debug] [Thread-3 (]: Writing runtime sql for node "model.my_databricks_project.bronze_raw_dpt"
[0m17:09:25.721812 [debug] [Thread-3 (]: Using databricks connection "model.my_databricks_project.bronze_raw_dpt"
[0m17:09:25.722577 [debug] [Thread-3 (]: On model.my_databricks_project.bronze_raw_dpt: /* {"app": "dbt", "dbt_version": "1.12.0", "dbt_databricks_version": "1.12.4", "databricks_sql_connector_version": "4.4.0", "profile_name": "my_databricks_project", "target_name": "dev", "invocation_id": "a842873c-8b59-4982-a31e-931abd011f44", "node_id": "model.my_databricks_project.bronze_raw_dpt"} */

  
    
        create or replace table `workspace`.`1st_dbt_project`.`bronze_raw_dpt`
      
      
    using delta
  
      
      
      
      
      
      
      
      
      as
      SELECT 
    id,
    name,
    created_at
FROM workspace.1st_dbt_project.dbt_raw
  
[0m17:09:26.366909 [debug] [Thread-3 (]: Databricks adapter: Exception while trying to execute query
/* {"app": "dbt", "dbt_version": "1.12.0", "dbt_databricks_version": "1.12.4", "databricks_sql_connector_version": "4.4.0", "profile_name": "my_databricks_project", "target_name": "dev", "invocation_id": "a842873c-8b59-4982-a31e-931abd011f44", "node_id": "model.my_databricks_project.bronze_raw_dpt"} */

  
    
        create or replace table `workspace`.`1st_dbt_project`.`bronze_raw_dpt`
      
      
    using delta
  
      
      
      
      
      
      
      
      
      as
      SELECT 
    id,
    name,
    created_at
FROM workspace.1st_dbt_project.dbt_raw
  
: [UNRESOLVED_COLUMN.WITH_SUGGESTION] A column, variable, or function parameter with name `name` cannot be resolved. Did you mean one of the following? [`id`, `amount`, `order_date`, `customer_name`]. SQLSTATE: 42703; line 21 pos 4
Error properties: diagnostic-info=org.apache.hive.service.cli.HiveSQLException: Error running query: [UNRESOLVED_COLUMN.WITH_SUGGESTION] org.apache.spark.sql.catalyst.ExtendedAnalysisException: [UNRESOLVED_COLUMN.WITH_SUGGESTION] A column, variable, or function parameter with name `name` cannot be resolved. Did you mean one of the following? [`id`, `amount`, `order_date`, `customer_name`]. SQLSTATE: 42703; line 21 pos 4
	at org.apache.spark.sql.hive.thriftserver.HiveThriftServerErrors$.runningQueryError(HiveThriftServerErrors.scala:58)
	at org.apache.spark.sql.hive.thriftserver.SparkExecuteStatementOperation.$anonfun$execute$1(SparkExecuteStatementOperation.scala:1235)
	at scala.runtime.java8.JFunction0$mcV$sp.apply(JFunction0$mcV$sp.scala:18)
	at com.databricks.unity.UCSEphemeralState$Handle.runWith(UCSEphemeralState.scala:51)
	at com.databricks.unity.HandleImpl.runWith(UCSHandle.scala:128)
	at org.apache.spark.sql.hive.thriftserver.SparkExecuteStatementOperation.org$apache$spark$sql$hive$thriftserver$SparkExecuteStatementOperation$$execute(SparkExecuteStatementOperation.scala:911)
	at org.apache.spark.sql.hive.thriftserver.SparkExecuteStatementOperation$$anon$2$$anon$3.$anonfun$run$6(SparkExecuteStatementOperation.scala:650)
	at scala.runtime.java8.JFunction0$mcV$sp.apply(JFunction0$mcV$sp.scala:18)
	at org.apache.spark.sql.execution.SQLExecution$.withRootExecution(SQLExecution.scala:1666)
	at org.apache.spark.sql.hive.thriftserver.SparkExecuteStatementOperation$$anon$2$$anon$3.$anonfun$run$3(SparkExecuteStatementOperation.scala:650)
	at scala.runtime.java8.JFunction0$mcV$sp.apply(JFunction0$mcV$sp.scala:18)
	at com.databricks.util.TracingSpanUtils$.withTracing(TracingSpanUtils.scala:251)
	at com.databricks.spark.util.DatabricksTracingHelper.withSpan(DatabricksSparkTracingHelper.scala:154)
	at com.databricks.spark.util.DBRTracing$.withSpan(DBRTracing.scala:87)
	at org.apache.spark.sql.hive.thriftserver.ThriftLocalProperties.$anonfun$withLocalProperties$18(ThriftLocalProperties.scala:366)
	at com.databricks.logging.AttributionContextTracing.$anonfun$withAttributionContext$1(AttributionContextTracing.scala:146)
	at com.databricks.logging.AttributionContext$.$anonfun$withValue$1(AttributionContext.scala:349)
	at scala.util.DynamicVariable.withValue(DynamicVariable.scala:59)
	at com.databricks.logging.AttributionContext$.withValue(AttributionContext.scala:345)
	at com.databricks.logging.AttributionContextTracing.withAttributionContext(AttributionContextTracing.scala:144)
	at com.databricks.logging.AttributionContextTracing.withAttributionContext$(AttributionContextTracing.scala:141)
	at com.databricks.spark.util.PublicDBLogging.withAttributionContext(DatabricksSparkUsageLogger.scala:29)
	at com.databricks.logging.AttributionContextTracing.withAttributionTags(AttributionContextTracing.scala:201)
	at com.databricks.logging.AttributionContextTracing.withAttributionTags$(AttributionContextTracing.scala:182)
	at com.databricks.spark.util.PublicDBLogging.withAttributionTags(DatabricksSparkUsageLogger.scala:29)
	at com.databricks.spark.util.PublicDBLogging.withAttributionTags0(DatabricksSparkUsageLogger.scala:108)
	at com.databricks.spark.util.DatabricksSparkUsageLogger.withAttributionTags(DatabricksSparkUsageLogger.scala:215)
	at com.databricks.spark.util.UsageLogging.$anonfun$withAttributionTags$1(UsageLogger.scala:668)
	at com.databricks.spark.util.UsageLogging$.withAttributionTags(UsageLogger.scala:780)
	at com.databricks.spark.util.UsageLogging$.withAttributionTags(UsageLogger.scala:789)
	at com.databricks.spark.util.UsageLogging.withAttributionTags(UsageLogger.scala:668)
	at com.databricks.spark.util.UsageLogging.withAttributionTags$(UsageLogger.scala:666)
	at org.apache.spark.sql.hive.thriftserver.SparkExecuteStatementOperation.withAttributionTags(SparkExecuteStatementOperation.scala:80)
	at org.apache.spark.sql.hive.thriftserver.ThriftLocalProperties.$anonfun$withLocalProperties$15(ThriftLocalProperties.scala:365)
	at com.databricks.spark.util.IdentityClaim$.withClaim(IdentityClaim.scala:48)
	at org.apache.spark.sql.hive.thriftserver.ThriftLocalProperties.withLocalProperties(ThriftLocalProperties.scala:360)
	at org.apache.spark.sql.hive.thriftserver.ThriftLocalProperties.withLocalProperties$(ThriftLocalProperties.scala:180)
	at org.apache.spark.sql.hive.thriftserver.SparkExecuteStatementOperation.withLocalProperties(SparkExecuteStatementOperation.scala:80)
	at org.apache.spark.sql.hive.thriftserver.SparkExecuteStatementOperation$$anon$2$$anon$3.$anonfun$run$2(SparkExecuteStatementOperation.scala:626)
	at scala.runtime.java8.JFunction0$mcV$sp.apply(JFunction0$mcV$sp.scala:18)
	at com.databricks.spark.util.DBRTracing$.withSpanFromParent(DBRTracing.scala:70)
	at org.apache.spark.sql.hive.thriftserver.SparkExecuteStatementOperation$$anon$2$$anon$3.run(SparkExecuteStatementOperation.scala:626)
	at org.apache.spark.sql.hive.thriftserver.SparkExecuteStatementOperation$$anon$2$$anon$3.run(SparkExecuteStatementOperation.scala:599)
	at java.base/java.security.AccessController.doPrivileged(AccessController.java:712)
	at java.base/javax.security.auth.Subject.doAs(Subject.java:439)
	at org.apache.hadoop.security.UserGroupInformation.doAs(UserGroupInformation.java:1953)
	at org.apache.spark.sql.hive.thriftserver.SparkExecuteStatementOperation$$anon$2.run(SparkExecuteStatementOperation.scala:664)
	at java.base/java.util.concurrent.Executors$RunnableAdapter.call(Executors.java:539)
	at java.base/java.util.concurrent.FutureTask.run(FutureTask.java:264)
	at java.base/java.util.concurrent.ThreadPoolExecutor.runWorker(ThreadPoolExecutor.java:1136)
	at java.base/java.util.concurrent.ThreadPoolExecutor$Worker.run(ThreadPoolExecutor.java:635)
	at java.base/java.lang.Thread.run(Thread.java:840)
Caused by: org.apache.spark.sql.catalyst.ExtendedAnalysisException: [UNRESOLVED_COLUMN.WITH_SUGGESTION] A column, variable, or function parameter with name `name` cannot be resolved. Did you mean one of the following? [`id`, `amount`, `order_date`, `customer_name`]. SQLSTATE: 42703; line 21 pos 4
	at org.apache.spark.sql.catalyst.ExtendedAnalysisException.copyPlan(ExtendedAnalysisException.scala:97)
	at org.apache.spark.sql.hive.thriftserver.SparkExecuteStatementOperation.$anonfun$execute$1(SparkExecuteStatementOperation.scala:1188)
	... 50 more
, operation-id=01f1a6c7-2524-1201-9913-8d6f0552c968
[0m17:09:26.367880 [debug] [Thread-3 (]: On model.my_databricks_project.bronze_raw_dpt: Close
[0m17:09:26.368291 [debug] [Thread-3 (]: Databricks adapter: Connection(session-id=01f1a6c7-246d-1bde-93ad-cc635a952372) - Closing
[0m17:09:26.818294 [debug] [Thread-3 (]: Database Error in model bronze_raw_dpt (models\bronze\bronze_raw_dpt.sql)
  [UNRESOLVED_COLUMN.WITH_SUGGESTION] A column, variable, or function parameter with name `name` cannot be resolved. Did you mean one of the following? [`id`, `amount`, `order_date`, `customer_name`]. SQLSTATE: 42703; line 21 pos 4
  compiled code at target\run\my_databricks_project\models\bronze\bronze_raw_dpt.sql
[0m17:09:26.821343 [debug] [Thread-3 (]: Sending event: {'category': 'dbt', 'action': 'run_model', 'label': 'a842873c-8b59-4982-a31e-931abd011f44', 'context': [<snowplow_tracker.self_describing_json.SelfDescribingJson object at 0x0000021AC8A45FD0>]}
[0m17:09:26.822368 [error] [Thread-3 (]: 1 of 3 ERROR creating sql table model 1st_dbt_project.bronze_raw_dpt ........... [[31mERROR[0m in 3.36s]
[0m17:09:26.823422 [debug] [Thread-3 (]: Finished running node model.my_databricks_project.bronze_raw_dpt
[0m17:09:26.824110 [debug] [Thread-9 (]: Marking all children of 'model.my_databricks_project.bronze_raw_dpt' to be skipped because of status 'error'.  Reason: Database Error in model bronze_raw_dpt (models\bronze\bronze_raw_dpt.sql)
  [UNRESOLVED_COLUMN.WITH_SUGGESTION] A column, variable, or function parameter with name `name` cannot be resolved. Did you mean one of the following? [`id`, `amount`, `order_date`, `customer_name`]. SQLSTATE: 42703; line 21 pos 4
  compiled code at target\run\my_databricks_project\models\bronze\bronze_raw_dpt.sql.
[0m17:09:26.825692 [debug] [Thread-4 (]: Began running node model.my_databricks_project.silver_cleaned_dpt
[0m17:09:26.826427 [info ] [Thread-4 (]: 2 of 3 SKIP relation 1st_DBT_PROJECT.silver_cleaned_dpt ........................ [[33mSKIP[0m]
[0m17:09:26.827192 [debug] [Thread-4 (]: Finished running node model.my_databricks_project.silver_cleaned_dpt
[0m17:09:26.828102 [debug] [Thread-5 (]: Began running node model.my_databricks_project.gold_summary_dpt
[0m17:09:26.828636 [info ] [Thread-5 (]: 3 of 3 SKIP relation 1st_DBT_PROJECT.gold_summary_dpt .......................... [[33mSKIP[0m]
[0m17:09:26.829324 [debug] [Thread-5 (]: Finished running node model.my_databricks_project.gold_summary_dpt
[0m17:09:26.831556 [debug] [MainThread]: Databricks adapter: DatabricksDBTConnection(session-id=None, name=master) - Creating connection
[0m17:09:26.831974 [debug] [MainThread]: Acquiring new databricks connection 'master'
[0m17:09:26.837580 [info ] [MainThread]: 
[0m17:09:26.838482 [info ] [MainThread]: Finished running 3 table models in 0 hours 0 minutes and 13.48 seconds (13.48s).
[0m17:09:26.839820 [debug] [MainThread]: Command end result
[0m17:09:26.917249 [debug] [MainThread]: Wrote artifact WritableManifest to C:\Users\X280\dbt_project\target\manifest.json
[0m17:09:26.921443 [debug] [MainThread]: Wrote artifact SemanticManifest to C:\Users\X280\dbt_project\target\semantic_manifest.json
[0m17:09:26.925432 [debug] [MainThread]: Wrote artifact OsiDocument to C:\Users\X280\dbt_project\target\osi_document.json
[0m17:09:26.939689 [debug] [MainThread]: Wrote artifact RunExecutionResult to C:\Users\X280\dbt_project\target\run_results.json
[0m17:09:26.940102 [info ] [MainThread]: 
[0m17:09:26.940658 [info ] [MainThread]: [31mCompleted with 1 error, 0 partial successes, and 0 warnings:[0m
[0m17:09:26.941171 [info ] [MainThread]: 
[0m17:09:26.941949 [error] [MainThread]: [[31mERROR[0m]: in model bronze_raw_dpt (models\bronze\bronze_raw_dpt.sql)
[0m17:09:26.942550 [error] [MainThread]:   Database Error in model bronze_raw_dpt (models\bronze\bronze_raw_dpt.sql)
  [UNRESOLVED_COLUMN.WITH_SUGGESTION] A column, variable, or function parameter with name `name` cannot be resolved. Did you mean one of the following? [`id`, `amount`, `order_date`, `customer_name`]. SQLSTATE: 42703; line 21 pos 4
  compiled code at target\run\my_databricks_project\models\bronze\bronze_raw_dpt.sql
[0m17:09:26.943206 [info ] [MainThread]: 
[0m17:09:26.944027 [info ] [MainThread]:   compiled code at target\compiled\my_databricks_project\models\bronze\bronze_raw_dpt.sql
[0m17:09:26.944524 [info ] [MainThread]: 
[0m17:09:26.945141 [info ] [MainThread]: Done. PASS=0 WARN=0 ERROR=1 SKIP=2 NO-OP=0 REUSED=0 TOTAL=3
[0m17:09:26.946362 [debug] [MainThread]: Command `dbt run` failed at 17:09:26.946199 after 21.18 seconds
[0m17:09:26.946853 [debug] [MainThread]: Sending event: {'category': 'dbt', 'action': 'invocation', 'label': 'end', 'context': [<snowplow_tracker.self_describing_json.SelfDescribingJson object at 0x0000021AC8AC6BA0>, <snowplow_tracker.self_describing_json.SelfDescribingJson object at 0x0000021AC8A7AB70>, <snowplow_tracker.self_describing_json.SelfDescribingJson object at 0x0000021AC8A7A990>]}
[0m17:09:26.947277 [debug] [MainThread]: Flushing usage events
[0m17:09:28.714858 [debug] [MainThread]: An error was encountered while trying to flush usage events
[0m17:14:15.872657 [debug] [MainThread]: Sending event: {'category': 'dbt', 'action': 'invocation', 'label': 'start', 'context': [<snowplow_tracker.self_describing_json.SelfDescribingJson object at 0x00000237A162ABA0>, <snowplow_tracker.self_describing_json.SelfDescribingJson object at 0x000002379EF6CA50>, <snowplow_tracker.self_describing_json.SelfDescribingJson object at 0x00000237A3F83890>]}


============================== 17:14:15.894481 | 59b1a140-4d20-4f39-aa20-5983522f5271 ==============================
[0m17:14:15.894481 [info ] [MainThread]: Running with dbt=1.12.0
[0m17:14:15.896122 [debug] [MainThread]: running dbt with arguments {'version_check': 'True', 'no_print': 'None', 'maximum_seed_size_mib': '1', 'warn_error_options': 'WarnErrorOptionsV2(error=[], warn=[], silence=[])', 'static_parser': 'True', 'target_path': 'None', 'printer_width': '80', 'write_json': 'True', 'empty': 'False', 'log_cache_events': 'False', 'introspect': 'True', 'cache_selected_only': 'False', 'log_format': 'default', 'debug': 'False', 'fail_fast': 'False', 'profiles_dir': 'C:\\Users\\X280\\.dbt', 'send_anonymous_usage_stats': 'True', 'quiet': 'False', 'warn_error': 'None', 'partial_parse': 'True', 'invocation_command': 'dbt run --full-refresh', 'hints_enabled': 'True', 'use_colors': 'True', 'use_experimental_parser': 'False', 'indirect_selection': 'eager', 'log_path': 'C:\\Users\\X280\\dbt_project\\logs'}
[0m17:14:19.310413 [debug] [MainThread]: Spark adapter: Setting pyhive.hive logging to ERROR
[0m17:14:19.315677 [debug] [MainThread]: Spark adapter: Setting thrift.transport logging to ERROR
[0m17:14:19.316461 [debug] [MainThread]: Spark adapter: Setting thrift.protocol logging to ERROR
[0m17:14:23.825567 [debug] [MainThread]: Sending event: {'category': 'dbt', 'action': 'project_id', 'label': '59b1a140-4d20-4f39-aa20-5983522f5271', 'context': [<snowplow_tracker.self_describing_json.SelfDescribingJson object at 0x00000237B87BC3E0>]}
[0m17:14:23.917232 [debug] [MainThread]: Sending event: {'category': 'dbt', 'action': 'adapter_info', 'label': '59b1a140-4d20-4f39-aa20-5983522f5271', 'context': [<snowplow_tracker.self_describing_json.SelfDescribingJson object at 0x00000237A21E6E00>]}
[0m17:14:23.918162 [info ] [MainThread]: Registered adapter: databricks=1.12.4
[0m17:14:24.600108 [debug] [MainThread]: checksum: 3dc68700ad7a368beffc73dbf81da035a64fcd39467072f1285d90f066942faf, vars: {}, profile: my_databricks_project, target: dev, version: 1.12.0
[0m17:14:25.165943 [debug] [MainThread]: Partial parsing enabled: 0 files deleted, 0 files added, 1 files changed.
[0m17:14:25.167288 [debug] [MainThread]: Partial parsing: updated file: my_databricks_project://models\bronze\bronze_raw_dpt.sql
[0m17:14:25.627415 [debug] [MainThread]: Sending event: {'category': 'dbt', 'action': 'load_project', 'label': '59b1a140-4d20-4f39-aa20-5983522f5271', 'context': [<snowplow_tracker.self_describing_json.SelfDescribingJson object at 0x00000237B8FF5750>]}
[0m17:14:25.790531 [debug] [MainThread]: Wrote artifact WritableManifest to C:\Users\X280\dbt_project\target\manifest.json
[0m17:14:25.800451 [debug] [MainThread]: Wrote artifact SemanticManifest to C:\Users\X280\dbt_project\target\semantic_manifest.json
[0m17:14:25.931655 [debug] [MainThread]: Wrote artifact OsiDocument to C:\Users\X280\dbt_project\target\osi_document.json
[0m17:14:26.005638 [debug] [MainThread]: Sending event: {'category': 'dbt', 'action': 'resource_counts', 'label': '59b1a140-4d20-4f39-aa20-5983522f5271', 'context': [<snowplow_tracker.self_describing_json.SelfDescribingJson object at 0x00000237B9127980>]}
[0m17:14:26.007074 [info ] [MainThread]: Found 3 models, 773 macros
[0m17:14:26.008605 [debug] [MainThread]: Sending event: {'category': 'dbt', 'action': 'runnable_timing', 'label': '59b1a140-4d20-4f39-aa20-5983522f5271', 'context': [<snowplow_tracker.self_describing_json.SelfDescribingJson object at 0x00000237B9147770>]}
[0m17:14:26.018705 [info ] [MainThread]: 
[0m17:14:26.020081 [info ] [MainThread]: Concurrency: 4 threads (target='dev')
[0m17:14:26.021297 [info ] [MainThread]: 
[0m17:14:26.022913 [debug] [MainThread]: Databricks adapter: DatabricksDBTConnection(session-id=None, name=master) - Creating connection
[0m17:14:26.023565 [debug] [MainThread]: Acquiring new databricks connection 'master'
[0m17:14:26.047053 [debug] [ThreadPool]: Databricks adapter: DatabricksDBTConnection(session-id=None, name=list_workspace) - Creating connection
[0m17:14:26.048498 [debug] [ThreadPool]: Acquiring new databricks connection 'list_workspace'
[0m17:14:26.075865 [debug] [ThreadPool]: Using databricks connection "list_workspace"
[0m17:14:26.076513 [debug] [ThreadPool]: On list_workspace: /* {"app": "dbt", "dbt_version": "1.12.0", "dbt_databricks_version": "1.12.4", "databricks_sql_connector_version": "4.4.0", "profile_name": "my_databricks_project", "target_name": "dev", "invocation_id": "59b1a140-4d20-4f39-aa20-5983522f5271", "connection_name": "list_workspace"} */

    

  SHOW SCHEMAS IN `workspace`


  
[0m17:14:26.077018 [debug] [ThreadPool]: Opening a new connection, currently in state init
[0m17:14:33.185415 [debug] [ThreadPool]: Databricks adapter: Connection(session-id=01f1a6c7-db15-18b4-8262-01fba3df4c1a) - Created
[0m17:14:34.419912 [debug] [ThreadPool]: SQL status: OK in 8.340 seconds
[0m17:14:34.523475 [debug] [ThreadPool]: Databricks adapter: Cursor(session-id=01f1a6c7-db15-18b4-8262-01fba3df4c1a, command-id=01f1a6c7-dc79-1ceb-9905-7c42fbc147de) - Closing
[0m17:14:34.524708 [debug] [ThreadPool]: On list_workspace: Close
[0m17:14:34.525391 [debug] [ThreadPool]: Databricks adapter: Connection(session-id=01f1a6c7-db15-18b4-8262-01fba3df4c1a) - Closing
[0m17:14:34.882605 [debug] [ThreadPool]: Databricks adapter: DatabricksDBTConnection(session-id=None, name=list_workspace_1st_DBT_PROJECT) - Creating connection
[0m17:14:34.883622 [debug] [ThreadPool]: Acquiring new databricks connection 'list_workspace_1st_DBT_PROJECT'
[0m17:14:34.892365 [debug] [ThreadPool]: Using databricks connection "list_workspace_1st_DBT_PROJECT"
[0m17:14:34.893150 [debug] [ThreadPool]: On list_workspace_1st_DBT_PROJECT: /* {"app": "dbt", "dbt_version": "1.12.0", "dbt_databricks_version": "1.12.4", "databricks_sql_connector_version": "4.4.0", "profile_name": "my_databricks_project", "target_name": "dev", "invocation_id": "59b1a140-4d20-4f39-aa20-5983522f5271", "connection_name": "list_workspace_1st_DBT_PROJECT"} */

    
SELECT
  table_name,
  if(table_type IN ('EXTERNAL', 'MANAGED', 'MANAGED_SHALLOW_CLONE', 'EXTERNAL_SHALLOW_CLONE'), 'table', lower(table_type)) AS table_type,
  lower(data_source_format) AS file_format,
  table_owner,
  if(
    table_type IN (
      'EXTERNAL',
      'MANAGED',
      'MANAGED_SHALLOW_CLONE',
      'EXTERNAL_SHALLOW_CLONE'
    ),
    lower(table_type),
    NULL
  ) AS databricks_table_type
FROM `system`.`information_schema`.`tables`
WHERE table_catalog = 'workspace'
  AND table_schema = '1st_dbt_project'

  
[0m17:14:34.893808 [debug] [ThreadPool]: Opening a new connection, currently in state init
[0m17:14:36.423826 [debug] [ThreadPool]: Databricks adapter: Connection(session-id=01f1a6c7-de0b-13b7-ab02-03aca81cdef9) - Created
[0m17:14:37.283933 [debug] [ThreadPool]: SQL status: OK in 2.390 seconds
[0m17:14:37.315415 [debug] [ThreadPool]: Databricks adapter: Cursor(session-id=01f1a6c7-de0b-13b7-ab02-03aca81cdef9, command-id=01f1a6c7-de56-1403-a9ad-62df1bb836b8) - Closing
[0m17:14:37.316877 [debug] [ThreadPool]: On list_workspace_1st_DBT_PROJECT: Close
[0m17:14:37.317659 [debug] [ThreadPool]: Databricks adapter: Connection(session-id=01f1a6c7-de0b-13b7-ab02-03aca81cdef9) - Closing
[0m17:14:37.682276 [debug] [MainThread]: Sending event: {'category': 'dbt', 'action': 'runnable_timing', 'label': '59b1a140-4d20-4f39-aa20-5983522f5271', 'context': [<snowplow_tracker.self_describing_json.SelfDescribingJson object at 0x00000237B91C8600>]}
[0m17:14:37.704925 [debug] [Thread-3 (]: Began running node model.my_databricks_project.bronze_raw_dpt
[0m17:14:37.706262 [info ] [Thread-3 (]: 1 of 3 START sql table model 1st_dbt_project.bronze_raw_dpt .................... [RUN]
[0m17:14:37.710851 [debug] [Thread-3 (]: Databricks adapter: DatabricksDBTConnection(session-id=None, name=model.my_databricks_project.bronze_raw_dpt) - Creating connection
[0m17:14:37.711847 [debug] [Thread-3 (]: Acquiring new databricks connection 'model.my_databricks_project.bronze_raw_dpt'
[0m17:14:37.712736 [debug] [Thread-3 (]: Began compiling node model.my_databricks_project.bronze_raw_dpt
[0m17:14:37.723950 [debug] [Thread-3 (]: Writing injected SQL for node "model.my_databricks_project.bronze_raw_dpt"
[0m17:14:37.725772 [debug] [Thread-3 (]: Began executing node model.my_databricks_project.bronze_raw_dpt
[0m17:14:37.757783 [debug] [Thread-3 (]: MATERIALIZING TABLE
[0m17:14:37.810636 [debug] [Thread-3 (]: Using databricks connection "model.my_databricks_project.bronze_raw_dpt"
[0m17:14:37.811287 [debug] [Thread-3 (]: On model.my_databricks_project.bronze_raw_dpt: /* {"app": "dbt", "dbt_version": "1.12.0", "dbt_databricks_version": "1.12.4", "databricks_sql_connector_version": "4.4.0", "profile_name": "my_databricks_project", "target_name": "dev", "invocation_id": "59b1a140-4d20-4f39-aa20-5983522f5271", "node_id": "model.my_databricks_project.bronze_raw_dpt"} */
SELECT
    table_catalog,
    table_schema,
    table_name,
    filter_name,
    target_columns
  FROM `workspace`.`information_schema`.`row_filters`
  WHERE table_catalog = 'workspace'
    AND table_schema = '1st_dbt_project'
    AND table_name = 'bronze_raw_dpt'
[0m17:14:37.811822 [debug] [Thread-3 (]: Opening a new connection, currently in state init
[0m17:14:39.592098 [debug] [Thread-3 (]: Databricks adapter: Connection(session-id=01f1a6c7-dff2-1249-a19d-6117f6174565) - Created
[0m17:14:40.363327 [debug] [Thread-3 (]: SQL status: OK in 2.550 seconds
[0m17:14:40.373105 [debug] [Thread-3 (]: Databricks adapter: Cursor(session-id=01f1a6c7-dff2-1249-a19d-6117f6174565, command-id=01f1a6c7-e039-1494-ba4f-e48559c354a4) - Closing
[0m17:14:40.411961 [debug] [Thread-3 (]: Writing runtime sql for node "model.my_databricks_project.bronze_raw_dpt"
[0m17:14:40.413136 [debug] [Thread-3 (]: Using databricks connection "model.my_databricks_project.bronze_raw_dpt"
[0m17:14:40.413735 [debug] [Thread-3 (]: On model.my_databricks_project.bronze_raw_dpt: /* {"app": "dbt", "dbt_version": "1.12.0", "dbt_databricks_version": "1.12.4", "databricks_sql_connector_version": "4.4.0", "profile_name": "my_databricks_project", "target_name": "dev", "invocation_id": "59b1a140-4d20-4f39-aa20-5983522f5271", "node_id": "model.my_databricks_project.bronze_raw_dpt"} */

  
    
        create or replace table `workspace`.`1st_dbt_project`.`bronze_raw_dpt`
      
      
    using delta
  
      
      
      
      
      
      
      
      
      as
      SELECT 
    id,
    customer_name,
    amount,
    order_date
FROM workspace.1st_dbt_project.dbt_raw
  
[0m17:14:43.005413 [debug] [Thread-3 (]: SQL status: OK in 2.590 seconds
[0m17:14:43.007625 [debug] [Thread-3 (]: Databricks adapter: Cursor(session-id=01f1a6c7-dff2-1249-a19d-6117f6174565, command-id=01f1a6c7-e0b7-1396-b436-adaaed82eb96) - Closing
[0m17:14:43.038064 [debug] [Thread-3 (]: Applying tags to relation None
[0m17:14:43.069818 [debug] [Thread-3 (]: On model.my_databricks_project.bronze_raw_dpt: Close
[0m17:14:43.070347 [debug] [Thread-3 (]: Databricks adapter: Connection(session-id=01f1a6c7-dff2-1249-a19d-6117f6174565) - Closing
[0m17:14:43.600672 [debug] [Thread-3 (]: Sending event: {'category': 'dbt', 'action': 'run_model', 'label': '59b1a140-4d20-4f39-aa20-5983522f5271', 'context': [<snowplow_tracker.self_describing_json.SelfDescribingJson object at 0x00000237B91BEBD0>]}
[0m17:14:43.602454 [info ] [Thread-3 (]: 1 of 3 OK created sql table model 1st_dbt_project.bronze_raw_dpt ............... [[32mOK[0m in 5.89s]
[0m17:14:43.604295 [debug] [Thread-3 (]: Finished running node model.my_databricks_project.bronze_raw_dpt
[0m17:14:43.606123 [debug] [Thread-4 (]: Began running node model.my_databricks_project.silver_cleaned_dpt
[0m17:14:43.607640 [info ] [Thread-4 (]: 2 of 3 START sql table model 1st_dbt_project.silver_cleaned_dpt ................ [RUN]
[0m17:14:43.609771 [debug] [Thread-4 (]: Databricks adapter: DatabricksDBTConnection(session-id=None, name=model.my_databricks_project.silver_cleaned_dpt) - Creating connection
[0m17:14:43.611532 [debug] [Thread-4 (]: Acquiring new databricks connection 'model.my_databricks_project.silver_cleaned_dpt'
[0m17:14:43.613569 [debug] [Thread-4 (]: Began compiling node model.my_databricks_project.silver_cleaned_dpt
[0m17:14:43.619620 [debug] [Thread-4 (]: Writing injected SQL for node "model.my_databricks_project.silver_cleaned_dpt"
[0m17:14:43.624501 [debug] [Thread-4 (]: Began executing node model.my_databricks_project.silver_cleaned_dpt
[0m17:14:43.627305 [debug] [Thread-4 (]: MATERIALIZING TABLE
[0m17:14:43.633638 [debug] [Thread-4 (]: Using databricks connection "model.my_databricks_project.silver_cleaned_dpt"
[0m17:14:43.634467 [debug] [Thread-4 (]: On model.my_databricks_project.silver_cleaned_dpt: /* {"app": "dbt", "dbt_version": "1.12.0", "dbt_databricks_version": "1.12.4", "databricks_sql_connector_version": "4.4.0", "profile_name": "my_databricks_project", "target_name": "dev", "invocation_id": "59b1a140-4d20-4f39-aa20-5983522f5271", "node_id": "model.my_databricks_project.silver_cleaned_dpt"} */
SELECT
    table_catalog,
    table_schema,
    table_name,
    filter_name,
    target_columns
  FROM `workspace`.`information_schema`.`row_filters`
  WHERE table_catalog = 'workspace'
    AND table_schema = '1st_dbt_project'
    AND table_name = 'silver_cleaned_dpt'
[0m17:14:43.635385 [debug] [Thread-4 (]: Opening a new connection, currently in state init
[0m17:14:44.896791 [debug] [Thread-4 (]: Databricks adapter: Connection(session-id=01f1a6c7-e330-1eee-bd5f-f545ce469a60) - Created
[0m17:14:45.892772 [debug] [Thread-4 (]: SQL status: OK in 2.260 seconds
[0m17:14:45.898283 [debug] [Thread-4 (]: Databricks adapter: Cursor(session-id=01f1a6c7-e330-1eee-bd5f-f545ce469a60, command-id=01f1a6c7-e364-11b6-ab88-675125b5aad5) - Closing
[0m17:14:45.902072 [debug] [Thread-4 (]: Writing runtime sql for node "model.my_databricks_project.silver_cleaned_dpt"
[0m17:14:45.907208 [debug] [Thread-4 (]: Using databricks connection "model.my_databricks_project.silver_cleaned_dpt"
[0m17:14:45.908887 [debug] [Thread-4 (]: On model.my_databricks_project.silver_cleaned_dpt: /* {"app": "dbt", "dbt_version": "1.12.0", "dbt_databricks_version": "1.12.4", "databricks_sql_connector_version": "4.4.0", "profile_name": "my_databricks_project", "target_name": "dev", "invocation_id": "59b1a140-4d20-4f39-aa20-5983522f5271", "node_id": "model.my_databricks_project.silver_cleaned_dpt"} */

  
    
        create or replace table `workspace`.`1st_dbt_project`.`silver_cleaned_dpt`
      
      
    using delta
  
      
      
      
      
      
      
      
      
      as
      SELECT 
    *
FROM `workspace`.`1st_dbt_project`.`bronze_raw_dpt`
  
[0m17:14:50.094239 [debug] [Thread-4 (]: SQL status: OK in 4.180 seconds
[0m17:14:50.096869 [debug] [Thread-4 (]: Databricks adapter: Cursor(session-id=01f1a6c7-e330-1eee-bd5f-f545ce469a60, command-id=01f1a6c7-e3fd-131b-b95f-35fb3c52153c) - Closing
[0m17:14:50.099823 [debug] [Thread-4 (]: Applying tags to relation None
[0m17:14:50.104140 [debug] [Thread-4 (]: On model.my_databricks_project.silver_cleaned_dpt: Close
[0m17:14:50.105207 [debug] [Thread-4 (]: Databricks adapter: Connection(session-id=01f1a6c7-e330-1eee-bd5f-f545ce469a60) - Closing
[0m17:14:50.441524 [debug] [Thread-4 (]: Sending event: {'category': 'dbt', 'action': 'run_model', 'label': '59b1a140-4d20-4f39-aa20-5983522f5271', 'context': [<snowplow_tracker.self_describing_json.SelfDescribingJson object at 0x00000237B91F5020>]}
[0m17:14:50.445349 [info ] [Thread-4 (]: 2 of 3 OK created sql table model 1st_dbt_project.silver_cleaned_dpt ........... [[32mOK[0m in 6.83s]
[0m17:14:50.449197 [debug] [Thread-4 (]: Finished running node model.my_databricks_project.silver_cleaned_dpt
[0m17:14:50.452511 [debug] [Thread-5 (]: Began running node model.my_databricks_project.gold_summary_dpt
[0m17:14:50.454963 [info ] [Thread-5 (]: 3 of 3 START sql table model 1st_dbt_project.gold_summary_dpt .................. [RUN]
[0m17:14:50.458469 [debug] [Thread-5 (]: Databricks adapter: DatabricksDBTConnection(session-id=None, name=model.my_databricks_project.gold_summary_dpt) - Creating connection
[0m17:14:50.459920 [debug] [Thread-5 (]: Acquiring new databricks connection 'model.my_databricks_project.gold_summary_dpt'
[0m17:14:50.461491 [debug] [Thread-5 (]: Began compiling node model.my_databricks_project.gold_summary_dpt
[0m17:14:50.466647 [debug] [Thread-5 (]: Writing injected SQL for node "model.my_databricks_project.gold_summary_dpt"
[0m17:14:50.469749 [debug] [Thread-5 (]: Began executing node model.my_databricks_project.gold_summary_dpt
[0m17:14:50.473177 [debug] [Thread-5 (]: MATERIALIZING TABLE
[0m17:14:50.479052 [debug] [Thread-5 (]: Using databricks connection "model.my_databricks_project.gold_summary_dpt"
[0m17:14:50.480227 [debug] [Thread-5 (]: On model.my_databricks_project.gold_summary_dpt: /* {"app": "dbt", "dbt_version": "1.12.0", "dbt_databricks_version": "1.12.4", "databricks_sql_connector_version": "4.4.0", "profile_name": "my_databricks_project", "target_name": "dev", "invocation_id": "59b1a140-4d20-4f39-aa20-5983522f5271", "node_id": "model.my_databricks_project.gold_summary_dpt"} */
SELECT
    table_catalog,
    table_schema,
    table_name,
    filter_name,
    target_columns
  FROM `workspace`.`information_schema`.`row_filters`
  WHERE table_catalog = 'workspace'
    AND table_schema = '1st_dbt_project'
    AND table_name = 'gold_summary_dpt'
[0m17:14:50.481327 [debug] [Thread-5 (]: Opening a new connection, currently in state init
[0m17:14:51.891946 [debug] [Thread-5 (]: Databricks adapter: Connection(session-id=01f1a6c7-e757-1076-88d1-5b4cbb1a20c3) - Created
[0m17:14:53.178358 [debug] [Thread-5 (]: SQL status: OK in 2.700 seconds
[0m17:14:53.187836 [debug] [Thread-5 (]: Databricks adapter: Cursor(session-id=01f1a6c7-e757-1076-88d1-5b4cbb1a20c3, command-id=01f1a6c7-e793-17ec-99f3-0d954417d71b) - Closing
[0m17:14:53.193647 [debug] [Thread-5 (]: Writing runtime sql for node "model.my_databricks_project.gold_summary_dpt"
[0m17:14:53.202946 [debug] [Thread-5 (]: Using databricks connection "model.my_databricks_project.gold_summary_dpt"
[0m17:14:53.205004 [debug] [Thread-5 (]: On model.my_databricks_project.gold_summary_dpt: /* {"app": "dbt", "dbt_version": "1.12.0", "dbt_databricks_version": "1.12.4", "databricks_sql_connector_version": "4.4.0", "profile_name": "my_databricks_project", "target_name": "dev", "invocation_id": "59b1a140-4d20-4f39-aa20-5983522f5271", "node_id": "model.my_databricks_project.gold_summary_dpt"} */

  
    
        create or replace table `workspace`.`1st_dbt_project`.`gold_summary_dpt`
      
      
    using delta
  
      
      
      
      
      
      
      
      
      as
      SELECT 
    COUNT(*) AS total_records
FROM `workspace`.`1st_dbt_project`.`silver_cleaned_dpt`
  
[0m17:14:55.531222 [debug] [Thread-5 (]: SQL status: OK in 2.320 seconds
[0m17:14:55.533389 [debug] [Thread-5 (]: Databricks adapter: Cursor(session-id=01f1a6c7-e757-1076-88d1-5b4cbb1a20c3, command-id=01f1a6c7-e85a-1815-9ac2-d71385c77b36) - Closing
[0m17:14:55.536645 [debug] [Thread-5 (]: Applying tags to relation None
[0m17:14:55.540811 [debug] [Thread-5 (]: On model.my_databricks_project.gold_summary_dpt: Close
[0m17:14:55.541805 [debug] [Thread-5 (]: Databricks adapter: Connection(session-id=01f1a6c7-e757-1076-88d1-5b4cbb1a20c3) - Closing
[0m17:14:55.864938 [debug] [Thread-5 (]: Sending event: {'category': 'dbt', 'action': 'run_model', 'label': '59b1a140-4d20-4f39-aa20-5983522f5271', 'context': [<snowplow_tracker.self_describing_json.SelfDescribingJson object at 0x00000237B92AFE30>]}
[0m17:14:55.868669 [info ] [Thread-5 (]: 3 of 3 OK created sql table model 1st_dbt_project.gold_summary_dpt ............. [[32mOK[0m in 5.41s]
[0m17:14:55.872640 [debug] [Thread-5 (]: Finished running node model.my_databricks_project.gold_summary_dpt
[0m17:14:55.880146 [debug] [MainThread]: Databricks adapter: DatabricksDBTConnection(session-id=None, name=master) - Creating connection
[0m17:14:55.881842 [debug] [MainThread]: Acquiring new databricks connection 'master'
[0m17:14:55.886120 [info ] [MainThread]: 
[0m17:14:55.889031 [info ] [MainThread]: Finished running 3 table models in 0 hours 0 minutes and 29.86 seconds (29.86s).
[0m17:14:55.894822 [debug] [MainThread]: Command end result
[0m17:14:56.056895 [debug] [MainThread]: Wrote artifact WritableManifest to C:\Users\X280\dbt_project\target\manifest.json
[0m17:14:56.063411 [debug] [MainThread]: Wrote artifact SemanticManifest to C:\Users\X280\dbt_project\target\semantic_manifest.json
[0m17:14:56.070337 [debug] [MainThread]: Wrote artifact OsiDocument to C:\Users\X280\dbt_project\target\osi_document.json
[0m17:14:56.085838 [debug] [MainThread]: Wrote artifact RunExecutionResult to C:\Users\X280\dbt_project\target\run_results.json
[0m17:14:56.086811 [info ] [MainThread]: 
[0m17:14:56.088015 [info ] [MainThread]: [32mCompleted successfully[0m
[0m17:14:56.089112 [info ] [MainThread]: 
[0m17:14:56.090305 [info ] [MainThread]: Done. PASS=3 WARN=0 ERROR=0 SKIP=0 NO-OP=0 REUSED=0 TOTAL=3
[0m17:14:56.092661 [debug] [MainThread]: Command `dbt run` succeeded at 17:14:56.092370 after 40.53 seconds
[0m17:14:56.093346 [debug] [MainThread]: Sending event: {'category': 'dbt', 'action': 'invocation', 'label': 'end', 'context': [<snowplow_tracker.self_describing_json.SelfDescribingJson object at 0x000002379F8977D0>, <snowplow_tracker.self_describing_json.SelfDescribingJson object at 0x00000237B8D96150>, <snowplow_tracker.self_describing_json.SelfDescribingJson object at 0x00000237A40042F0>]}
[0m17:14:56.094116 [debug] [MainThread]: Flushing usage events
[0m17:14:57.831855 [debug] [MainThread]: An error was encountered while trying to flush usage events
[0m17:25:56.768631 [debug] [MainThread]: Sending event: {'category': 'dbt', 'action': 'invocation', 'label': 'start', 'context': [<snowplow_tracker.self_describing_json.SelfDescribingJson object at 0x00000263B559ABA0>, <snowplow_tracker.self_describing_json.SelfDescribingJson object at 0x00000263B2EECA50>, <snowplow_tracker.self_describing_json.SelfDescribingJson object at 0x00000263B7EEF890>]}


============================== 17:25:56.790590 | f07c5a13-237f-412a-b0d2-3590d3aee943 ==============================
[0m17:25:56.790590 [info ] [MainThread]: Running with dbt=1.12.0
[0m17:25:56.791862 [debug] [MainThread]: running dbt with arguments {'maximum_seed_size_mib': '1', 'no_print': 'None', 'version_check': 'True', 'warn_error_options': 'WarnErrorOptionsV2(error=[], warn=[], silence=[])', 'target_path': 'None', 'static_parser': 'True', 'printer_width': '80', 'write_json': 'True', 'introspect': 'True', 'log_cache_events': 'False', 'empty': 'None', 'cache_selected_only': 'False', 'log_format': 'default', 'debug': 'False', 'fail_fast': 'False', 'partial_parse': 'True', 'send_anonymous_usage_stats': 'True', 'quiet': 'False', 'warn_error': 'None', 'profiles_dir': 'C:\\Users\\X280\\.dbt', 'indirect_selection': 'eager', 'hints_enabled': 'True', 'invocation_command': 'dbt show --select dbt_gold', 'use_experimental_parser': 'False', 'use_colors': 'True', 'log_path': 'C:\\Users\\X280\\dbt_project\\logs'}
[0m17:26:00.312989 [debug] [MainThread]: Spark adapter: Setting pyhive.hive logging to ERROR
[0m17:26:00.314061 [debug] [MainThread]: Spark adapter: Setting thrift.transport logging to ERROR
[0m17:26:00.314933 [debug] [MainThread]: Spark adapter: Setting thrift.protocol logging to ERROR
[0m17:26:07.010327 [debug] [MainThread]: Sending event: {'category': 'dbt', 'action': 'project_id', 'label': 'f07c5a13-237f-412a-b0d2-3590d3aee943', 'context': [<snowplow_tracker.self_describing_json.SelfDescribingJson object at 0x00000263CC78C3E0>]}
[0m17:26:07.107456 [debug] [MainThread]: Sending event: {'category': 'dbt', 'action': 'adapter_info', 'label': 'f07c5a13-237f-412a-b0d2-3590d3aee943', 'context': [<snowplow_tracker.self_describing_json.SelfDescribingJson object at 0x00000263B6156E00>]}
[0m17:26:07.219246 [info ] [MainThread]: Registered adapter: databricks=1.12.4
[0m17:26:07.931005 [debug] [MainThread]: checksum: 3dc68700ad7a368beffc73dbf81da035a64fcd39467072f1285d90f066942faf, vars: {}, profile: my_databricks_project, target: dev, version: 1.12.0
[0m17:26:08.600396 [debug] [MainThread]: Partial parsing enabled: 0 files deleted, 0 files added, 0 files changed.
[0m17:26:08.601330 [debug] [MainThread]: Nothing changed, skipping partial parsing.
[0m17:26:08.602055 [debug] [MainThread]: Partial parsing enabled, no changes found, skipping parsing
[0m17:26:08.634261 [debug] [MainThread]: Sending event: {'category': 'dbt', 'action': 'load_project', 'label': 'f07c5a13-237f-412a-b0d2-3590d3aee943', 'context': [<snowplow_tracker.self_describing_json.SelfDescribingJson object at 0x00000263CCA0DC50>]}
[0m17:26:08.785451 [debug] [MainThread]: Wrote artifact WritableManifest to C:\Users\X280\dbt_project\target\manifest.json
[0m17:26:08.798331 [debug] [MainThread]: Wrote artifact SemanticManifest to C:\Users\X280\dbt_project\target\semantic_manifest.json
[0m17:26:09.012153 [debug] [MainThread]: Wrote artifact OsiDocument to C:\Users\X280\dbt_project\target\osi_document.json
[0m17:26:09.017412 [debug] [MainThread]: Sending event: {'category': 'dbt', 'action': 'resource_counts', 'label': 'f07c5a13-237f-412a-b0d2-3590d3aee943', 'context': [<snowplow_tracker.self_describing_json.SelfDescribingJson object at 0x00000263CCFBFB60>]}
[0m17:26:09.018525 [info ] [MainThread]: Found 3 models, 773 macros
[0m17:26:09.019585 [debug] [MainThread]: Sending event: {'category': 'dbt', 'action': 'runnable_timing', 'label': 'f07c5a13-237f-412a-b0d2-3590d3aee943', 'context': [<snowplow_tracker.self_describing_json.SelfDescribingJson object at 0x00000263CCD4B4D0>]}
[0m17:26:09.020550 [warn ] [MainThread]: [[33mWARNING[0m]: The selection criterion 'dbt_gold' does not match any enabled nodes
[0m17:26:09.022880 [warn ] [MainThread]: [[33mWARNING[0m]: Nothing to do. Try checking your model configs and model specification args
[0m17:26:09.027027 [debug] [MainThread]: Command end result
[0m17:26:09.111744 [debug] [MainThread]: Wrote artifact WritableManifest to C:\Users\X280\dbt_project\target\manifest.json
[0m17:26:09.119508 [debug] [MainThread]: Wrote artifact SemanticManifest to C:\Users\X280\dbt_project\target\semantic_manifest.json
[0m17:26:09.127500 [debug] [MainThread]: Wrote artifact OsiDocument to C:\Users\X280\dbt_project\target\osi_document.json
[0m17:26:09.136541 [debug] [MainThread]: Wrote artifact RunExecutionResult to C:\Users\X280\dbt_project\target\run_results.json
[0m17:26:09.138693 [debug] [MainThread]: Command `dbt show` succeeded at 17:26:09.138409 after 12.76 seconds
[0m17:26:09.139586 [debug] [MainThread]: Sending event: {'category': 'dbt', 'action': 'invocation', 'label': 'end', 'context': [<snowplow_tracker.self_describing_json.SelfDescribingJson object at 0x00000263B7D13EE0>, <snowplow_tracker.self_describing_json.SelfDescribingJson object at 0x00000263CCD6CAD0>, <snowplow_tracker.self_describing_json.SelfDescribingJson object at 0x00000263CCD6CC50>]}
[0m17:26:09.140437 [debug] [MainThread]: Flushing usage events
[0m17:26:11.101763 [debug] [MainThread]: An error was encountered while trying to flush usage events
[0m17:27:07.759485 [debug] [MainThread]: Sending event: {'category': 'dbt', 'action': 'invocation', 'label': 'start', 'context': [<snowplow_tracker.self_describing_json.SelfDescribingJson object at 0x000002286434ABA0>, <snowplow_tracker.self_describing_json.SelfDescribingJson object at 0x0000022861C9CA50>, <snowplow_tracker.self_describing_json.SelfDescribingJson object at 0x0000022866C9F890>]}


============================== 17:27:07.768965 | a45cd75e-756d-4e95-91cf-b2f74267cdc7 ==============================
[0m17:27:07.768965 [info ] [MainThread]: Running with dbt=1.12.0
[0m17:27:07.770613 [debug] [MainThread]: running dbt with arguments {'static_parser': 'True', 'no_print': 'None', 'version_check': 'True', 'target_path': 'None', 'warn_error_options': 'WarnErrorOptionsV2(error=[], warn=[], silence=[])', 'maximum_seed_size_mib': '1', 'printer_width': '80', 'write_json': 'True', 'introspect': 'True', 'log_cache_events': 'False', 'empty': 'None', 'cache_selected_only': 'False', 'fail_fast': 'False', 'debug': 'False', 'log_format': 'default', 'profiles_dir': 'C:\\Users\\X280\\.dbt', 'send_anonymous_usage_stats': 'True', 'quiet': 'False', 'warn_error': 'None', 'partial_parse': 'True', 'invocation_command': 'dbt show --select gold_summary_dbt', 'hints_enabled': 'True', 'use_colors': 'True', 'use_experimental_parser': 'False', 'indirect_selection': 'eager', 'log_path': 'C:\\Users\\X280\\dbt_project\\logs'}
[0m17:27:09.393686 [debug] [MainThread]: Spark adapter: Setting pyhive.hive logging to ERROR
[0m17:27:09.394213 [debug] [MainThread]: Spark adapter: Setting thrift.transport logging to ERROR
[0m17:27:09.394598 [debug] [MainThread]: Spark adapter: Setting thrift.protocol logging to ERROR
[0m17:27:10.668621 [debug] [MainThread]: Sending event: {'category': 'dbt', 'action': 'project_id', 'label': 'a45cd75e-756d-4e95-91cf-b2f74267cdc7', 'context': [<snowplow_tracker.self_describing_json.SelfDescribingJson object at 0x000002287B49C3E0>]}
[0m17:27:10.755257 [debug] [MainThread]: Sending event: {'category': 'dbt', 'action': 'adapter_info', 'label': 'a45cd75e-756d-4e95-91cf-b2f74267cdc7', 'context': [<snowplow_tracker.self_describing_json.SelfDescribingJson object at 0x0000022864F06E00>]}
[0m17:27:10.769485 [info ] [MainThread]: Registered adapter: databricks=1.12.4
[0m17:27:11.279258 [debug] [MainThread]: checksum: 3dc68700ad7a368beffc73dbf81da035a64fcd39467072f1285d90f066942faf, vars: {}, profile: my_databricks_project, target: dev, version: 1.12.0
[0m17:27:11.449412 [debug] [MainThread]: Partial parsing enabled: 0 files deleted, 0 files added, 0 files changed.
[0m17:27:11.449848 [debug] [MainThread]: Nothing changed, skipping partial parsing.
[0m17:27:11.450169 [debug] [MainThread]: Partial parsing enabled, no changes found, skipping parsing
[0m17:27:11.463726 [debug] [MainThread]: Sending event: {'category': 'dbt', 'action': 'load_project', 'label': 'a45cd75e-756d-4e95-91cf-b2f74267cdc7', 'context': [<snowplow_tracker.self_describing_json.SelfDescribingJson object at 0x000002287B71DC50>]}
[0m17:27:11.591580 [debug] [MainThread]: Wrote artifact WritableManifest to C:\Users\X280\dbt_project\target\manifest.json
[0m17:27:11.596631 [debug] [MainThread]: Wrote artifact SemanticManifest to C:\Users\X280\dbt_project\target\semantic_manifest.json
[0m17:27:11.632022 [debug] [MainThread]: Wrote artifact OsiDocument to C:\Users\X280\dbt_project\target\osi_document.json
[0m17:27:11.636324 [debug] [MainThread]: Sending event: {'category': 'dbt', 'action': 'resource_counts', 'label': 'a45cd75e-756d-4e95-91cf-b2f74267cdc7', 'context': [<snowplow_tracker.self_describing_json.SelfDescribingJson object at 0x000002287BCCFB60>]}
[0m17:27:11.636968 [info ] [MainThread]: Found 3 models, 773 macros
[0m17:27:11.637597 [debug] [MainThread]: Sending event: {'category': 'dbt', 'action': 'runnable_timing', 'label': 'a45cd75e-756d-4e95-91cf-b2f74267cdc7', 'context': [<snowplow_tracker.self_describing_json.SelfDescribingJson object at 0x000002287BA574D0>]}
[0m17:27:11.638372 [warn ] [MainThread]: [[33mWARNING[0m]: The selection criterion 'gold_summary_dbt' does not match any enabled nodes
[0m17:27:11.641110 [warn ] [MainThread]: [[33mWARNING[0m]: Nothing to do. Try checking your model configs and model specification args
[0m17:27:11.644208 [debug] [MainThread]: Command end result
[0m17:27:11.707179 [debug] [MainThread]: Wrote artifact WritableManifest to C:\Users\X280\dbt_project\target\manifest.json
[0m17:27:11.711006 [debug] [MainThread]: Wrote artifact SemanticManifest to C:\Users\X280\dbt_project\target\semantic_manifest.json
[0m17:27:11.714778 [debug] [MainThread]: Wrote artifact OsiDocument to C:\Users\X280\dbt_project\target\osi_document.json
[0m17:27:11.718939 [debug] [MainThread]: Wrote artifact RunExecutionResult to C:\Users\X280\dbt_project\target\run_results.json
[0m17:27:11.720025 [debug] [MainThread]: Command `dbt show` succeeded at 17:27:11.719880 after 4.19 seconds
[0m17:27:11.720467 [debug] [MainThread]: Sending event: {'category': 'dbt', 'action': 'invocation', 'label': 'end', 'context': [<snowplow_tracker.self_describing_json.SelfDescribingJson object at 0x0000022866ABBEE0>, <snowplow_tracker.self_describing_json.SelfDescribingJson object at 0x000002287BA7C710>, <snowplow_tracker.self_describing_json.SelfDescribingJson object at 0x000002287BA7CC50>]}
[0m17:27:11.720879 [debug] [MainThread]: Flushing usage events
[0m17:27:13.521822 [debug] [MainThread]: An error was encountered while trying to flush usage events
[0m17:28:19.497770 [debug] [MainThread]: Sending event: {'category': 'dbt', 'action': 'invocation', 'label': 'start', 'context': [<snowplow_tracker.self_describing_json.SelfDescribingJson object at 0x0000019CFC1BABA0>, <snowplow_tracker.self_describing_json.SelfDescribingJson object at 0x0000019CF9B0CA50>, <snowplow_tracker.self_describing_json.SelfDescribingJson object at 0x0000019CFEB13890>]}


============================== 17:28:19.502946 | a9cf4a98-569a-4533-ae1b-79eebbccdb6d ==============================
[0m17:28:19.502946 [info ] [MainThread]: Running with dbt=1.12.0
[0m17:28:19.503744 [debug] [MainThread]: running dbt with arguments {'version_check': 'True', 'no_print': 'None', 'maximum_seed_size_mib': '1', 'target_path': 'None', 'static_parser': 'True', 'warn_error_options': 'WarnErrorOptionsV2(error=[], warn=[], silence=[])', 'printer_width': '80', 'write_json': 'True', 'introspect': 'True', 'log_cache_events': 'False', 'empty': 'None', 'cache_selected_only': 'False', 'log_format': 'default', 'debug': 'False', 'fail_fast': 'False', 'partial_parse': 'True', 'send_anonymous_usage_stats': 'True', 'quiet': 'False', 'warn_error': 'None', 'profiles_dir': 'C:\\Users\\X280\\.dbt', 'invocation_command': 'dbt show --select gold_summary_dpt', 'hints_enabled': 'True', 'indirect_selection': 'eager', 'use_experimental_parser': 'False', 'use_colors': 'True', 'log_path': 'C:\\Users\\X280\\dbt_project\\logs'}
[0m17:28:21.128601 [debug] [MainThread]: Spark adapter: Setting pyhive.hive logging to ERROR
[0m17:28:21.129123 [debug] [MainThread]: Spark adapter: Setting thrift.transport logging to ERROR
[0m17:28:21.129501 [debug] [MainThread]: Spark adapter: Setting thrift.protocol logging to ERROR
[0m17:28:22.464252 [debug] [MainThread]: Sending event: {'category': 'dbt', 'action': 'project_id', 'label': 'a9cf4a98-569a-4533-ae1b-79eebbccdb6d', 'context': [<snowplow_tracker.self_describing_json.SelfDescribingJson object at 0x0000019C933DC3E0>]}
[0m17:28:22.549327 [debug] [MainThread]: Sending event: {'category': 'dbt', 'action': 'adapter_info', 'label': 'a9cf4a98-569a-4533-ae1b-79eebbccdb6d', 'context': [<snowplow_tracker.self_describing_json.SelfDescribingJson object at 0x0000019CFCD76E00>]}
[0m17:28:22.563611 [info ] [MainThread]: Registered adapter: databricks=1.12.4
[0m17:28:23.127478 [debug] [MainThread]: checksum: 3dc68700ad7a368beffc73dbf81da035a64fcd39467072f1285d90f066942faf, vars: {}, profile: my_databricks_project, target: dev, version: 1.12.0
[0m17:28:23.300572 [debug] [MainThread]: Partial parsing enabled: 0 files deleted, 0 files added, 0 files changed.
[0m17:28:23.300993 [debug] [MainThread]: Nothing changed, skipping partial parsing.
[0m17:28:23.301298 [debug] [MainThread]: Partial parsing enabled, no changes found, skipping parsing
[0m17:28:23.315732 [debug] [MainThread]: Sending event: {'category': 'dbt', 'action': 'load_project', 'label': 'a9cf4a98-569a-4533-ae1b-79eebbccdb6d', 'context': [<snowplow_tracker.self_describing_json.SelfDescribingJson object at 0x0000019C9365DC50>]}
[0m17:28:23.448455 [debug] [MainThread]: Wrote artifact WritableManifest to C:\Users\X280\dbt_project\target\manifest.json
[0m17:28:23.452303 [debug] [MainThread]: Wrote artifact SemanticManifest to C:\Users\X280\dbt_project\target\semantic_manifest.json
[0m17:28:23.511209 [debug] [MainThread]: Wrote artifact OsiDocument to C:\Users\X280\dbt_project\target\osi_document.json
[0m17:28:23.516901 [debug] [MainThread]: Sending event: {'category': 'dbt', 'action': 'resource_counts', 'label': 'a9cf4a98-569a-4533-ae1b-79eebbccdb6d', 'context': [<snowplow_tracker.self_describing_json.SelfDescribingJson object at 0x0000019C93C0FB60>]}
[0m17:28:23.518291 [info ] [MainThread]: Found 3 models, 773 macros
[0m17:28:23.519338 [debug] [MainThread]: Sending event: {'category': 'dbt', 'action': 'runnable_timing', 'label': 'a9cf4a98-569a-4533-ae1b-79eebbccdb6d', 'context': [<snowplow_tracker.self_describing_json.SelfDescribingJson object at 0x0000019C9397B4D0>]}
[0m17:28:23.523278 [info ] [MainThread]: 
[0m17:28:23.524211 [info ] [MainThread]: Concurrency: 4 threads (target='dev')
[0m17:28:23.525210 [info ] [MainThread]: 
[0m17:28:23.526625 [debug] [MainThread]: Databricks adapter: DatabricksDBTConnection(session-id=None, name=master) - Creating connection
[0m17:28:23.527265 [debug] [MainThread]: Acquiring new databricks connection 'master'
[0m17:28:23.540182 [debug] [ThreadPool]: Databricks adapter: DatabricksDBTConnection(session-id=None, name=list_workspace_1st_DBT_PROJECT) - Creating connection
[0m17:28:23.540728 [debug] [ThreadPool]: Acquiring new databricks connection 'list_workspace_1st_DBT_PROJECT'
[0m17:28:23.558202 [debug] [ThreadPool]: Using databricks connection "list_workspace_1st_DBT_PROJECT"
[0m17:28:23.558875 [debug] [ThreadPool]: On list_workspace_1st_DBT_PROJECT: /* {"app": "dbt", "dbt_version": "1.12.0", "dbt_databricks_version": "1.12.4", "databricks_sql_connector_version": "4.4.0", "profile_name": "my_databricks_project", "target_name": "dev", "invocation_id": "a9cf4a98-569a-4533-ae1b-79eebbccdb6d", "connection_name": "list_workspace_1st_DBT_PROJECT"} */

    
SELECT
  table_name,
  if(table_type IN ('EXTERNAL', 'MANAGED', 'MANAGED_SHALLOW_CLONE', 'EXTERNAL_SHALLOW_CLONE'), 'table', lower(table_type)) AS table_type,
  lower(data_source_format) AS file_format,
  table_owner,
  if(
    table_type IN (
      'EXTERNAL',
      'MANAGED',
      'MANAGED_SHALLOW_CLONE',
      'EXTERNAL_SHALLOW_CLONE'
    ),
    lower(table_type),
    NULL
  ) AS databricks_table_type
FROM `system`.`information_schema`.`tables`
WHERE table_catalog = 'workspace'
  AND table_schema = '1st_dbt_project'

  
[0m17:28:23.560240 [debug] [ThreadPool]: Opening a new connection, currently in state init
[0m17:28:30.452101 [debug] [ThreadPool]: Databricks adapter: Connection(session-id=01f1a6c9-ce58-1f95-9aa4-c0071fa87ac2) - Created
[0m17:28:53.762872 [debug] [ThreadPool]: SQL status: OK in 30.200 seconds
[0m17:28:53.912050 [debug] [ThreadPool]: Databricks adapter: Cursor(session-id=01f1a6c9-ce58-1f95-9aa4-c0071fa87ac2, command-id=01f1a6c9-cf78-1a8e-ba9b-2b45f7e92715) - Closing
[0m17:28:54.364237 [debug] [ThreadPool]: On list_workspace_1st_DBT_PROJECT: Close
[0m17:28:54.366062 [debug] [ThreadPool]: Databricks adapter: Connection(session-id=01f1a6c9-ce58-1f95-9aa4-c0071fa87ac2) - Closing
[0m17:28:54.706964 [debug] [MainThread]: Sending event: {'category': 'dbt', 'action': 'runnable_timing', 'label': 'a9cf4a98-569a-4533-ae1b-79eebbccdb6d', 'context': [<snowplow_tracker.self_describing_json.SelfDescribingJson object at 0x0000019C93C06C30>]}
[0m17:28:54.730558 [debug] [Thread-2 (]: Began running node model.my_databricks_project.gold_summary_dpt
[0m17:28:54.731818 [debug] [Thread-2 (]: Databricks adapter: DatabricksDBTConnection(session-id=None, name=model.my_databricks_project.gold_summary_dpt) - Creating connection
[0m17:28:54.732568 [debug] [Thread-2 (]: Acquiring new databricks connection 'model.my_databricks_project.gold_summary_dpt'
[0m17:28:54.733274 [debug] [Thread-2 (]: Began compiling node model.my_databricks_project.gold_summary_dpt
[0m17:28:54.744547 [debug] [Thread-2 (]: Writing injected SQL for node "model.my_databricks_project.gold_summary_dpt"
[0m17:28:54.750605 [debug] [Thread-2 (]: Began executing node model.my_databricks_project.gold_summary_dpt
[0m17:28:54.770059 [debug] [Thread-2 (]: Using databricks connection "model.my_databricks_project.gold_summary_dpt"
[0m17:28:54.771159 [debug] [Thread-2 (]: On model.my_databricks_project.gold_summary_dpt: /* {"app": "dbt", "dbt_version": "1.12.0", "dbt_databricks_version": "1.12.4", "databricks_sql_connector_version": "4.4.0", "profile_name": "my_databricks_project", "target_name": "dev", "invocation_id": "a9cf4a98-569a-4533-ae1b-79eebbccdb6d", "node_id": "model.my_databricks_project.gold_summary_dpt"} */

  
  SELECT 
    COUNT(*) AS total_records
FROM `workspace`.`1st_dbt_project`.`silver_cleaned_dpt`
  
  limit 5

[0m17:28:54.772102 [debug] [Thread-2 (]: Opening a new connection, currently in state init
[0m17:28:56.092255 [debug] [Thread-2 (]: Databricks adapter: Connection(session-id=01f1a6c9-de83-1cff-8834-e8cdbeb051a7) - Created
[0m17:28:59.601695 [debug] [Thread-2 (]: SQL status: OK in 4.830 seconds
[0m17:28:59.622456 [debug] [Thread-2 (]: Databricks adapter: Cursor(session-id=01f1a6c9-de83-1cff-8834-e8cdbeb051a7, command-id=01f1a6c9-dec0-18a6-973c-cc060a528b7b) - Closing
[0m17:28:59.625468 [debug] [Thread-2 (]: On model.my_databricks_project.gold_summary_dpt: Close
[0m17:28:59.626133 [debug] [Thread-2 (]: Databricks adapter: Connection(session-id=01f1a6c9-de83-1cff-8834-e8cdbeb051a7) - Closing
[0m17:28:59.940840 [debug] [Thread-2 (]: Finished running node model.my_databricks_project.gold_summary_dpt
[0m17:28:59.947793 [debug] [MainThread]: Command end result
[0m17:29:00.050738 [debug] [MainThread]: Wrote artifact WritableManifest to C:\Users\X280\dbt_project\target\manifest.json
[0m17:29:00.058937 [debug] [MainThread]: Wrote artifact SemanticManifest to C:\Users\X280\dbt_project\target\semantic_manifest.json
[0m17:29:00.068958 [debug] [MainThread]: Wrote artifact OsiDocument to C:\Users\X280\dbt_project\target\osi_document.json
[0m17:29:00.082228 [debug] [MainThread]: Wrote artifact RunExecutionResult to C:\Users\X280\dbt_project\target\run_results.json
[0m17:29:00.082782 [info ] [MainThread]: Previewing node 'gold_summary_dpt':
| total_records |
| ------------- |
|            15 |

[0m17:29:00.084233 [debug] [MainThread]: Command `dbt show` succeeded at 17:29:00.084062 after 40.78 seconds
[0m17:29:00.084732 [debug] [MainThread]: Sending event: {'category': 'dbt', 'action': 'invocation', 'label': 'end', 'context': [<snowplow_tracker.self_describing_json.SelfDescribingJson object at 0x0000019C939BDD90>, <snowplow_tracker.self_describing_json.SelfDescribingJson object at 0x0000019C93F73800>, <snowplow_tracker.self_describing_json.SelfDescribingJson object at 0x0000019C93F736A0>]}
[0m17:29:00.085210 [debug] [MainThread]: Flushing usage events
[0m17:29:01.512341 [debug] [MainThread]: An error was encountered while trying to flush usage events
